TRIAL,BVP,BVPFLAG,TEMP,TEMPFLAG,EDA,EDAFLAG,FINALFLAG
1.000,88.000,0.000,36.320,0.000,0.616,0.000,0.000
2.000,-64.200,0.000,36.080,0.000,0.734,0.000,0.000
3.000,-108.600,0.000,36.590,0.000,0.680,0.000,0.000
4.000,136.100,0.000,36.080,0.000,0.153,0.000,0.000
5.000,73.400,0.000,36.990,0.000,0.123,0.000,0.000
6.000,102.400,0.000,36.800,0.000,0.208,0.000,0.000
7.000,-33.300,0.000,36.770,0.000,0.372,0.000,0.000
8.000,-129.300,0.000,36.320,0.000,0.733,0.000,0.000
9.000,-49.700,0.000,36.070,0.000,0.720,0.000,0.000
10.000,-71.000,0.000,36.150,0.000,0.146,0.000,0.000
11.000,-48.500,0.000,36.940,0.000,0.090,0.000,0.000
12.000,79.800,0.000,36.350,0.000,0.539,0.000,0.000
13.000,-83.300,0.000,36.370,0.000,0.057,0.000,0.000
14.000,11.600,0.000,36.540,0.000,0.798,0.000,0.000
15.000,12.800,0.000,36.770,0.000,0.028,0.000,0.000
16.000,-145.700,0.000,36.650,0.000,0.592,0.000,0.000
17.000,27.100,0.000,36.560,0.000,0.110,0.000,0.000
18.000,25.100,0.000,36.250,0.000,0.342,0.000,0.000
19.000,94.900,0.000,36.700,0.000,0.306,0.000,0.000
20.000,16.500,0.000,36.770,0.000,0.673,0.000,0.000
21.000,-120.700,0.000,36.110,0.000,0.484,0.000,0.000
22.000,-6.300,0.000,36.450,0.000,0.639,0.000,0.000
23.000,-126.500,0.000,37.200,1.000,0.260,0.000,0.000
24.000,123.700,0.000,36.200,0.000,0.267,0.000,0.000
25.000,84.200,0.000,36.230,0.000,0.200,0.000,0.000
26.000,-71.300,0.000,36.430,0.000,0.086,0.000,0.000
27.000,149.800,0.000,36.180,0.000,0.594,0.000,0.000
28.000,100.400,0.000,36.860,0.000,0.596,0.000,0.000
29.000,-65.800,0.000,36.920,0.000,0.394,0.000,0.000
30.000,79.100,0.000,36.330,0.000,0.516,0.000,0.000
31.000,-108.800,0.000,37.010,0.000,0.704,0.000,0.000
32.000,-12.800,0.000,36.320,0.000,0.001,0.000,0.000
33.000,-67.900,0.000,36.360,0.000,0.568,0.000,0.000
34.000,118.600,0.000,36.550,0.000,0.331,0.000,0.000
35.000,119.300,0.000,36.650,0.000,0.366,0.000,0.000
36.000,138.500,0.000,36.290,0.000,0.524,0.000,0.000
37.000,47.800,0.000,36.370,0.000,0.532,0.000,0.000
38.000,-135.400,0.000,36.320,0.000,0.312,0.000,0.000
39.000,-30.500,0.000,36.480,0.000,0.247,0.000,0.000
40.000,3.500,0.000,36.100,0.000,0.756,0.000,0.000
41.000,81.700,0.000,36.830,0.000,0.329,0.000,0.000
42.000,-71.200,0.000,36.730,0.000,0.558,0.000,0.000
43.000,-66.100,0.000,37.010,0.000,0.227,0.000,0.000
44.000,-62.400,0.000,36.860,0.000,0.228,0.000,0.000
45.000,4.400,0.000,36.390,0.000,0.140,0.000,0.000
46.000,-61.600,0.000,37.200,1.000,0.186,0.000,0.000
47.000,108.300,0.000,37.140,0.000,0.756,0.000,0.000
48.000,58.500,0.000,36.440,0.000,0.309,0.000,0.000
49.000,-118.500,0.000,37.110,0.000,0.335,0.000,0.000
50.000,-70.500,0.000,36.510,0.000,0.515,0.000,0.000
51.000,67.300,0.000,36.500,0.000,0.227,0.000,0.000
52.000,95.900,0.000,37.010,0.000,0.675,0.000,0.000
53.000,-89.500,0.000,36.790,0.000,0.712,0.000,0.000
54.000,135.800,0.000,36.660,0.000,0.621,0.000,0.000
55.000,130.700,0.000,36.530,0.000,0.189,0.000,0.000
56.000,-7.000,0.000,36.840,0.000,0.225,0.000,0.000
57.000,33.400,0.000,36.590,0.000,0.105,0.000,0.000
58.000,143.200,0.000,36.250,0.000,0.731,0.000,0.000
59.000,-30.800,0.000,36.420,0.000,0.292,0.000,0.000
60.000,-75.000,0.000,36.990,0.000,0.328,0.000,0.000
61.000,42.500,0.000,36.360,0.000,0.280,0.000,0.000
62.000,-147.300,0.000,36.530,0.000,0.115,0.000,0.000
63.000,60.600,0.000,37.200,1.000,0.121,0.000,0.000
64.000,-52.800,0.000,36.830,0.000,0.113,0.000,0.000
65.000,87.500,0.000,36.760,0.000,0.656,0.000,0.000
66.000,-115.800,0.000,36.680,0.000,0.757,0.000,0.000
67.000,-86.200,0.000,36.870,0.000,0.434,0.000,0.000
68.000,28.100,0.000,36.350,0.000,0.130,0.000,0.000
69.000,-72.100,0.000,36.610,0.000,0.175,0.000,0.000
70.000,-19.100,0.000,36.590,0.000,0.053,0.000,0.000
71.000,96.700,0.000,36.830,0.000,0.739,0.000,0.000
72.000,-14.900,0.000,36.460,0.000,0.475,0.000,0.000
73.000,139.400,0.000,36.330,0.000,0.319,0.000,0.000
74.000,-117.800,0.000,36.180,0.000,0.322,0.000,0.000
75.000,147.000,0.000,36.520,0.000,0.333,0.000,0.000
76.000,45.200,0.000,36.510,0.000,0.412,0.000,0.000
77.000,-43.300,0.000,36.090,0.000,0.014,0.000,0.000
78.000,-68.600,0.000,36.710,0.000,0.733,0.000,0.000
79.000,-38.800,0.000,37.180,0.000,0.682,0.000,0.000
80.000,44.400,0.000,36.700,0.000,0.616,0.000,0.000
81.000,-131.800,0.000,36.570,0.000,0.470,0.000,0.000
82.000,-81.300,0.000,36.810,0.000,0.060,0.000,0.000
83.000,13.200,0.000,36.200,0.000,0.405,0.000,0.000
84.000,148.500,0.000,37.070,0.000,0.428,0.000,0.000
85.000,88.200,0.000,36.950,0.000,0.496,0.000,0.000
86.000,-125.300,0.000,36.650,0.000,0.380,0.000,0.000
87.000,132.400,0.000,36.960,0.000,0.756,0.000,0.000
88.000,-39.700,0.000,36.790,0.000,0.710,0.000,0.000
89.000,-11.200,0.000,37.030,0.000,0.277,0.000,0.000
90.000,-9.800,0.000,36.000,1.000,0.678,0.000,0.000
91.000,-125.800,0.000,36.840,0.000,0.420,0.000,0.000
92.000,47.800,0.000,36.800,0.000,0.452,0.000,0.000
93.000,148.900,0.000,37.020,0.000,0.290,0.000,0.000
94.000,-88.800,0.000,36.480,0.000,0.246,0.000,0.000
95.000,-110.300,0.000,36.420,0.000,0.444,0.000,0.000
96.000,131.700,0.000,36.050,0.000,0.696,0.000,0.000
97.000,130.400,0.000,36.640,0.000,0.624,0.000,0.000
98.000,-42.500,0.000,36.490,0.000,0.753,0.000,0.000
99.000,-117.200,0.000,36.450,0.000,0.145,0.000,0.000
100.000,52.200,0.000,36.830,0.000,0.243,0.000,0.000
101.000,118.800,0.000,36.530,0.000,0.390,0.000,0.000
102.000,-132.700,0.000,36.410,0.000,0.495,0.000,0.000
103.000,-61.200,0.000,36.560,0.000,0.495,0.000,0.000
104.000,-94.000,0.000,36.990,0.000,0.373,0.000,0.000
105.000,45.200,0.000,37.060,0.000,0.578,0.000,0.000
106.000,-34.400,0.000,36.810,0.000,0.736,0.000,0.000
107.000,132.600,0.000,36.640,0.000,0.335,0.000,0.000
108.000,-8.500,0.000,36.330,0.000,0.356,0.000,0.000
109.000,29.600,0.000,36.100,0.000,0.443,0.000,0.000
110.000,11.100,0.000,36.090,0.000,0.026,0.000,0.000
111.000,-148.000,0.000,36.330,0.000,0.075,0.000,0.000
112.000,-4.300,0.000,36.720,0.000,0.705,0.000,0.000
113.000,124.800,0.000,36.950,0.000,0.405,0.000,0.000
114.000,42.000,0.000,36.050,0.000,0.505,0.000,0.000
115.000,-45.700,0.000,36.020,0.000,0.590,0.000,0.000
116.000,-97.400,0.000,37.200,1.000,0.239,0.000,0.000
117.000,76.700,0.000,37.120,0.000,0.592,0.000,0.000
118.000,65.400,0.000,36.840,0.000,0.776,0.000,0.000
119.000,94.100,0.000,36.710,0.000,0.445,0.000,0.000
120.000,35.900,0.000,36.000,1.000,0.096,0.000,0.000
121.000,-133.000,0.000,36.260,0.000,0.538,0.000,0.000
122.000,-68.600,0.000,36.990,0.000,0.249,0.000,0.000
123.000,-51.300,0.000,36.760,0.000,0.754,0.000,0.000
124.000,-33.100,0.000,36.200,0.000,0.584,0.000,0.000
125.000,66.800,0.000,36.790,0.000,0.087,0.000,0.000
126.000,39.000,0.000,36.870,0.000,0.115,0.000,0.000
127.000,-63.000,0.000,37.200,1.000,0.616,0.000,0.000
128.000,-146.800,0.000,36.670,0.000,0.354,0.000,0.000
129.000,-89.800,0.000,36.160,0.000,0.544,0.000,0.000
130.000,-86.800,0.000,36.690,0.000,0.673,0.000,0.000
131.000,31.900,0.000,36.860,0.000,0.027,0.000,0.000
132.000,-4.500,0.000,36.260,0.000,0.635,0.000,0.000
133.000,59.900,0.000,36.730,0.000,0.794,0.000,0.000
134.000,-65.200,0.000,36.130,0.000,0.390,0.000,0.000
135.000,-69.700,0.000,36.070,0.000,0.257,0.000,0.000
136.000,-29.300,0.000,36.260,0.000,0.229,0.000,0.000
137.000,145.700,0.000,37.020,0.000,0.444,0.000,0.000
138.000,-98.800,0.000,36.040,0.000,0.133,0.000,0.000
139.000,-73.400,0.000,36.250,0.000,0.020,0.000,0.000
140.000,66.400,0.000,36.310,0.000,0.596,0.000,0.000
141.000,27.300,0.000,36.550,0.000,0.506,0.000,0.000
142.000,87.700,0.000,36.350,0.000,0.079,0.000,0.000
143.000,-124.700,0.000,36.170,0.000,0.364,0.000,0.000
144.000,-95.800,0.000,36.950,0.000,0.063,0.000,0.000
145.000,83.100,0.000,36.690,0.000,0.526,0.000,0.000
146.000,-66.400,0.000,36.590,0.000,0.212,0.000,0.000
147.000,-66.200,0.000,36.430,0.000,0.255,0.000,0.000
148.000,-78.300,0.000,36.980,0.000,0.017,0.000,0.000
149.000,6.800,0.000,37.180,0.000,0.561,0.000,0.000
150.000,27.400,0.000,36.620,0.000,0.046,0.000,0.000
151.000,6.500,0.000,36.740,0.000,0.464,0.000,0.000
152.000,6.800,0.000,36.530,0.000,0.738,0.000,0.000
153.000,-7.200,0.000,37.020,0.000,0.621,0.000,0.000
154.000,-99.100,0.000,36.910,0.000,0.486,0.000,0.000
155.000,30.300,0.000,36.620,0.000,0.006,0.000,0.000
156.000,-77.500,0.000,37.000,0.000,0.173,0.000,0.000
157.000,131.200,0.000,36.030,0.000,0.198,0.000,0.000
158.000,144.800,0.000,36.560,0.000,0.189,0.000,0.000
159.000,-122.300,0.000,36.240,0.000,0.654,0.000,0.000
160.000,38.700,0.000,36.290,0.000,0.642,0.000,0.000
161.000,148.500,0.000,36.150,0.000,0.531,0.000,0.000
162.000,136.300,0.000,36.130,0.000,0.555,0.000,0.000
163.000,129.800,0.000,37.120,0.000,0.093,0.000,0.000
164.000,-3.400,0.000,36.680,0.000,0.499,0.000,0.000
165.000,-65.100,0.000,36.880,0.000,0.352,0.000,0.000
166.000,-128.900,0.000,36.770,0.000,0.456,0.000,0.000
167.000,-94.800,0.000,36.460,0.000,0.308,0.000,0.000
168.000,41.400,0.000,36.960,0.000,0.161,0.000,0.000
169.000,77.300,0.000,36.220,0.000,0.762,0.000,0.000
170.000,5.800,0.000,36.660,0.000,0.484,0.000,0.000
171.000,3.400,0.000,36.350,0.000,0.275,0.000,0.000
172.000,-73.200,0.000,36.610,0.000,0.160,0.000,0.000
173.000,-60.400,0.000,37.100,0.000,0.183,0.000,0.000
174.000,-135.700,0.000,36.800,0.000,0.410,0.000,0.000
175.000,-139.300,0.000,36.010,0.000,0.188,0.000,0.000
176.000,37.900,0.000,36.300,0.000,0.029,0.000,0.000
177.000,-7.100,0.000,36.390,0.000,0.386,0.000,0.000
178.000,148.500,0.000,36.120,0.000,0.087,0.000,0.000
179.000,-126.300,0.000,36.880,0.000,0.499,0.000,0.000
180.000,63.200,0.000,36.550,0.000,0.468,0.000,0.000
181.000,23.500,0.000,36.230,0.000,0.494,0.000,0.000
182.000,76.800,0.000,36.350,0.000,0.224,0.000,0.000
183.000,62.800,0.000,36.270,0.000,0.215,0.000,0.000
184.000,16.700,0.000,36.910,0.000,0.452,0.000,0.000
185.000,-11.800,0.000,36.020,0.000,0.113,0.000,0.000
186.000,-44.600,0.000,36.540,0.000,0.406,0.000,0.000
187.000,61.800,0.000,36.580,0.000,0.698,0.000,0.000
188.000,80.500,0.000,37.050,0.000,0.720,0.000,0.000
189.000,99.600,0.000,36.380,0.000,0.060,0.000,0.000
190.000,-63.600,0.000,36.580,0.000,0.694,0.000,0.000
191.000,5.900,0.000,37.140,0.000,0.594,0.000,0.000
192.000,-67.200,0.000,36.050,0.000,0.723,0.000,0.000
193.000,-7.200,0.000,36.850,0.000,0.223,0.000,0.000
194.000,-143.900,0.000,36.030,0.000,0.511,0.000,0.000
195.000,-110.100,0.000,36.190,0.000,0.685,0.000,0.000
196.000,-131.400,0.000,36.570,0.000,0.052,0.000,0.000
197.000,-149.900,0.000,36.290,0.000,0.177,0.000,0.000
198.000,-120.700,0.000,36.500,0.000,0.687,0.000,0.000
199.000,86.800,0.000,36.620,0.000,0.082,0.000,0.000
200.000,56.800,0.000,37.160,0.000,0.456,0.000,0.000
201.000,70.000,0.000,36.480,0.000,0.414,0.000,0.000
202.000,56.900,0.000,36.080,0.000,0.096,0.000,0.000
203.000,13.700,0.000,36.390,0.000,0.170,0.000,0.000
204.000,-55.500,0.000,36.040,0.000,0.680,0.000,0.000
205.000,68.800,0.000,36.640,0.000,0.260,0.000,0.000
206.000,-61.700,0.000,36.140,0.000,0.764,0.000,0.000
207.000,74.600,0.000,36.560,0.000,0.567,0.000,0.000
208.000,-143.100,0.000,36.970,0.000,0.384,0.000,0.000
209.000,-110.400,0.000,36.820,0.000,0.144,0.000,0.000
210.000,-138.900,0.000,36.640,0.000,0.677,0.000,0.000
211.000,109.600,0.000,36.880,0.000,0.041,0.000,0.000
212.000,122.800,0.000,37.070,0.000,0.174,0.000,0.000
213.000,25.100,0.000,36.990,0.000,0.602,0.000,0.000
214.000,8.500,0.000,36.660,0.000,0.033,0.000,0.000
215.000,-148.700,0.000,36.310,0.000,0.065,0.000,0.000
216.000,59.400,0.000,37.070,0.000,0.780,0.000,0.000
217.000,90.600,0.000,36.690,0.000,0.480,0.000,0.000
218.000,115.400,0.000,37.140,0.000,0.318,0.000,0.000
219.000,-8.000,0.000,36.880,0.000,0.491,0.000,0.000
220.000,149.700,0.000,36.420,0.000,0.060,0.000,0.000
221.000,55.800,0.000,36.350,0.000,0.481,0.000,0.000
222.000,-132.000,0.000,36.800,0.000,0.291,0.000,0.000
223.000,-103.700,0.000,36.760,0.000,0.045,0.000,0.000
224.000,-48.600,0.000,37.120,0.000,0.763,0.000,0.000
225.000,-68.500,0.000,36.990,0.000,0.771,0.000,0.000
226.000,-128.500,0.000,36.990,0.000,0.623,0.000,0.000
227.000,-106.000,0.000,36.290,0.000,0.035,0.000,0.000
228.000,-146.800,0.000,36.090,0.000,0.694,0.000,0.000
229.000,42.900,0.000,36.020,0.000,0.685,0.000,0.000
230.000,73.100,0.000,37.140,0.000,0.761,0.000,0.000
231.000,14.800,0.000,37.170,0.000,0.717,0.000,0.000
232.000,107.200,0.000,36.550,0.000,0.004,0.000,0.000
233.000,-88.700,0.000,36.400,0.000,0.091,0.000,0.000
234.000,-89.500,0.000,36.570,0.000,0.573,0.000,0.000
235.000,139.200,0.000,37.090,0.000,0.754,0.000,0.000
236.000,16.700,0.000,36.940,0.000,0.469,0.000,0.000
237.000,-28.400,0.000,36.400,0.000,0.223,0.000,0.000
238.000,-65.600,0.000,37.100,0.000,0.691,0.000,0.000
239.000,-40.400,0.000,36.150,0.000,0.713,0.000,0.000
240.000,89.000,0.000,37.200,1.000,0.062,0.000,0.000
241.000,78.100,0.000,36.010,0.000,0.562,0.000,0.000
242.000,75.500,0.000,36.790,0.000,0.593,0.000,0.000
243.000,102.300,0.000,36.250,0.000,0.277,0.000,0.000
244.000,-96.000,0.000,36.010,0.000,0.425,0.000,0.000
245.000,99.700,0.000,36.320,0.000,0.325,0.000,0.000
246.000,-30.800,0.000,37.130,0.000,0.634,0.000,0.000
247.000,103.700,0.000,36.100,0.000,0.445,0.000,0.000
248.000,-116.900,0.000,36.640,0.000,0.711,0.000,0.000
249.000,-70.200,0.000,36.500,0.000,0.525,0.000,0.000
250.000,37.400,0.000,36.080,0.000,0.202,0.000,0.000
251.000,42.300,0.000,36.560,0.000,0.081,0.000,0.000
252.000,138.100,0.000,36.290,0.000,0.005,0.000,0.000
253.000,95.600,0.000,36.040,0.000,0.268,0.000,0.000
254.000,-86.400,0.000,36.500,0.000,0.469,0.000,0.000
255.000,111.900,0.000,36.010,0.000,0.187,0.000,0.000
256.000,-119.700,0.000,36.250,0.000,0.687,0.000,0.000
257.000,19.600,0.000,37.070,0.000,0.002,0.000,0.000
258.000,64.800,0.000,37.080,0.000,0.352,0.000,0.000
259.000,145.300,0.000,36.860,0.000,0.498,0.000,0.000
260.000,19.600,0.000,36.370,0.000,0.749,0.000,0.000
261.000,-6.600,0.000,37.160,0.000,0.728,0.000,0.000
262.000,64.800,0.000,36.880,0.000,0.292,0.000,0.000
263.000,-128.000,0.000,36.930,0.000,0.800,1.000,0.000
264.000,-36.600,0.000,36.390,0.000,0.266,0.000,0.000
265.000,-17.300,0.000,36.100,0.000,0.413,0.000,0.000
266.000,-87.600,0.000,37.180,0.000,0.761,0.000,0.000
267.000,41.700,0.000,36.530,0.000,0.273,0.000,0.000
268.000,97.600,0.000,37.130,0.000,0.677,0.000,0.000
269.000,-124.300,0.000,36.750,0.000,0.618,0.000,0.000
270.000,148.600,0.000,37.070,0.000,0.466,0.000,0.000
271.000,-120.400,0.000,36.120,0.000,0.153,0.000,0.000
272.000,-59.800,0.000,36.560,0.000,0.054,0.000,0.000
273.000,-47.400,0.000,36.730,0.000,0.147,0.000,0.000
274.000,12.100,0.000,36.490,0.000,0.602,0.000,0.000
275.000,101.600,0.000,36.480,0.000,0.112,0.000,0.000
276.000,98.200,0.000,36.420,0.000,0.360,0.000,0.000
277.000,80.100,0.000,36.000,1.000,0.604,0.000,0.000
278.000,50.200,0.000,36.210,0.000,0.478,0.000,0.000
279.000,-70.500,0.000,36.170,0.000,0.061,0.000,0.000
280.000,117.300,0.000,36.490,0.000,0.562,0.000,0.000
281.000,-146.900,0.000,36.160,0.000,0.134,0.000,0.000
282.000,-92.200,0.000,37.050,0.000,0.037,0.000,0.000
283.000,-49.300,0.000,36.010,0.000,0.218,0.000,0.000
284.000,-88.300,0.000,36.830,0.000,0.663,0.000,0.000
285.000,-26.100,0.000,37.150,0.000,0.164,0.000,0.000
286.000,-34.300,0.000,36.380,0.000,0.339,0.000,0.000
287.000,140.500,0.000,36.420,0.000,0.780,0.000,0.000
288.000,-97.100,0.000,36.810,0.000,0.392,0.000,0.000
289.000,52.900,0.000,37.120,0.000,0.141,0.000,0.000
290.000,-140.100,0.000,37.180,0.000,0.092,0.000,0.000
291.000,-65.800,0.000,36.370,0.000,0.174,0.000,0.000
292.000,43.700,0.000,36.300,0.000,0.103,0.000,0.000
293.000,-14.500,0.000,37.040,0.000,0.078,0.000,0.000
294.000,-35.400,0.000,36.280,0.000,0.325,0.000,0.000
295.000,-43.500,0.000,36.230,0.000,0.385,0.000,0.000
296.000,124.800,0.000,36.250,0.000,0.514,0.000,0.000
297.000,90.000,0.000,36.920,0.000,0.502,0.000,0.000
298.000,-3.600,0.000,36.460,0.000,0.461,0.000,0.000
299.000,69.400,0.000,36.680,0.000,0.754,0.000,0.000
300.000,89.800,0.000,36.620,0.000,0.193,0.000,0.000
301.000,-123.000,0.000,36.310,0.000,0.133,0.000,0.000
302.000,-54.700,0.000,36.970,0.000,0.623,0.000,0.000
303.000,94.700,0.000,36.330,0.000,0.734,0.000,0.000
304.000,70.300,0.000,36.640,0.000,0.270,0.000,0.000
305.000,-147.400,0.000,37.090,0.000,0.198,0.000,0.000
306.000,56.000,0.000,36.640,0.000,0.203,0.000,0.000
307.000,-46.100,0.000,36.050,0.000,0.019,0.000,0.000
308.000,25.700,0.000,36.490,0.000,0.282,0.000,0.000
309.000,-35.400,0.000,36.750,0.000,0.046,0.000,0.000
310.000,119.400,0.000,36.340,0.000,0.572,0.000,0.000
311.000,-116.900,0.000,36.190,0.000,0.722,0.000,0.000
312.000,-67.500,0.000,36.170,0.000,0.018,0.000,0.000
313.000,122.500,0.000,36.340,0.000,0.189,0.000,0.000
314.000,112.800,0.000,36.960,0.000,0.587,0.000,0.000
315.000,-121.500,0.000,37.100,0.000,0.537,0.000,0.000
316.000,13.100,0.000,37.050,0.000,0.294,0.000,0.000
317.000,-68.400,0.000,37.030,0.000,0.354,0.000,0.000
318.000,-72.900,0.000,36.550,0.000,0.166,0.000,0.000
319.000,-110.300,0.000,36.250,0.000,0.342,0.000,0.000
320.000,31.600,0.000,36.410,0.000,0.206,0.000,0.000
321.000,-110.000,0.000,36.600,0.000,0.396,0.000,0.000
322.000,-50.100,0.000,37.200,1.000,0.056,0.000,0.000
323.000,22.900,0.000,36.030,0.000,0.535,0.000,0.000
324.000,140.300,0.000,36.750,0.000,0.760,0.000,0.000
325.000,-137.800,0.000,36.620,0.000,0.660,0.000,0.000
326.000,-140.400,0.000,36.380,0.000,0.588,0.000,0.000
327.000,-29.600,0.000,36.610,0.000,0.344,0.000,0.000
328.000,-90.000,0.000,36.530,0.000,0.697,0.000,0.000
329.000,67.600,0.000,36.570,0.000,0.627,0.000,0.000
330.000,-47.400,0.000,36.470,0.000,0.398,0.000,0.000
331.000,-70.000,0.000,36.950,0.000,0.286,0.000,0.000
332.000,74.600,0.000,36.770,0.000,0.137,0.000,0.000
333.000,-134.100,0.000,36.970,0.000,0.417,0.000,0.000
334.000,39.700,0.000,36.030,0.000,0.384,0.000,0.000
335.000,-88.200,0.000,36.970,0.000,0.007,0.000,0.000
336.000,10.900,0.000,36.270,0.000,0.108,0.000,0.000
337.000,150.000,1.000,37.070,0.000,0.724,0.000,0.000
338.000,82.000,0.000,36.430,0.000,0.328,0.000,0.000
339.000,-148.500,0.000,36.530,0.000,0.055,0.000,0.000
340.000,66.900,0.000,36.030,0.000,0.753,0.000,0.000
341.000,-38.600,0.000,36.090,0.000,0.139,0.000,0.000
342.000,-137.800,0.000,36.550,0.000,0.682,0.000,0.000
343.000,117.800,0.000,36.220,0.000,0.483,0.000,0.000
344.000,-27.700,0.000,36.420,0.000,0.404,0.000,0.000
345.000,-72.800,0.000,36.910,0.000,0.366,0.000,0.000
346.000,139.500,0.000,36.760,0.000,0.157,0.000,0.000
347.000,137.500,0.000,36.180,0.000,0.703,0.000,0.000
348.000,-117.300,0.000,37.190,0.000,0.002,0.000,0.000
349.000,-135.500,0.000,37.160,0.000,0.386,0.000,0.000
350.000,-81.400,0.000,36.060,0.000,0.397,0.000,0.000
351.000,12.700,0.000,36.610,0.000,0.637,0.000,0.000
352.000,-1.300,0.000,37.050,0.000,0.677,0.000,0.000
353.000,23.800,0.000,36.040,0.000,0.664,0.000,0.000
354.000,-79.900,0.000,36.200,0.000,0.320,0.000,0.000
355.000,116.400,0.000,36.130,0.000,0.702,0.000,0.000
356.000,-52.900,0.000,36.290,0.000,0.772,0.000,0.000
357.000,-14.100,0.000,36.720,0.000,0.576,0.000,0.000
358.000,-60.400,0.000,36.940,0.000,0.747,0.000,0.000
359.000,146.300,0.000,37.020,0.000,0.560,0.000,0.000
360.000,-70.200,0.000,36.660,0.000,0.196,0.000,0.000
361.000,-61.300,0.000,36.420,0.000,0.219,0.000,0.000
362.000,-79.300,0.000,37.020,0.000,0.576,0.000,0.000
363.000,47.400,0.000,36.650,0.000,0.475,0.000,0.000
364.000,-112.500,0.000,36.930,0.000,0.142,0.000,0.000
365.000,-40.900,0.000,37.160,0.000,0.618,0.000,0.000
366.000,19.700,0.000,36.350,0.000,0.708,0.000,0.000
367.000,-26.300,0.000,36.640,0.000,0.519,0.000,0.000
368.000,15.800,0.000,36.940,0.000,0.050,0.000,0.000
369.000,-8.000,0.000,37.120,0.000,0.135,0.000,0.000
370.000,24.900,0.000,36.660,0.000,0.625,0.000,0.000
371.000,125.900,0.000,36.310,0.000,0.011,0.000,0.000
372.000,-28.000,0.000,36.350,0.000,0.374,0.000,0.000
373.000,76.200,0.000,36.690,0.000,0.513,0.000,0.000
374.000,-86.400,0.000,36.890,0.000,0.061,0.000,0.000
375.000,105.400,0.000,37.180,0.000,0.091,0.000,0.000
376.000,-64.600,0.000,36.650,0.000,0.634,0.000,0.000
377.000,89.800,0.000,37.110,0.000,0.489,0.000,0.000
378.000,-84.800,0.000,36.010,0.000,0.696,0.000,0.000
379.000,-134.300,0.000,36.300,0.000,0.250,0.000,0.000
380.000,-43.300,0.000,36.520,0.000,0.683,0.000,0.000
381.000,-124.700,0.000,36.240,0.000,0.528,0.000,0.000
382.000,-133.300,0.000,36.410,0.000,0.508,0.000,0.000
383.000,-99.500,0.000,36.060,0.000,0.775,0.000,0.000
384.000,-101.000,0.000,36.580,0.000,0.752,0.000,0.000
385.000,-132.700,0.000,36.810,0.000,0.573,0.000,0.000
386.000,-144.500,0.000,36.740,0.000,0.150,0.000,0.000
387.000,149.900,0.000,36.380,0.000,0.423,0.000,0.000
388.000,-132.100,0.000,37.030,0.000,0.339,0.000,0.000
389.000,-130.800,0.000,36.500,0.000,0.306,0.000,0.000
390.000,89.000,0.000,36.780,0.000,0.692,0.000,0.000
391.000,-58.900,0.000,36.810,0.000,0.538,0.000,0.000
392.000,-16.900,0.000,36.190,0.000,0.501,0.000,0.000
393.000,14.100,0.000,36.870,0.000,0.742,0.000,0.000
394.000,-141.700,0.000,37.010,0.000,0.636,0.000,0.000
395.000,-139.400,0.000,36.790,0.000,0.030,0.000,0.000
396.000,-76.600,0.000,36.540,0.000,0.033,0.000,0.000
397.000,80.800,0.000,37.050,0.000,0.518,0.000,0.000
398.000,-116.800,0.000,36.650,0.000,0.795,0.000,0.000
399.000,-61.400,0.000,36.050,0.000,0.149,0.000,0.000
400.000,-69.400,0.000,36.870,0.000,0.547,0.000,0.000
401.000,66.200,0.000,36.580,0.000,0.426,0.000,0.000
402.000,140.400,0.000,36.700,0.000,0.661,0.000,0.000
403.000,14.800,0.000,37.030,0.000,0.083,0.000,0.000
404.000,-95.200,0.000,37.120,0.000,0.551,0.000,0.000
405.000,-62.100,0.000,36.480,0.000,0.282,0.000,0.000
406.000,128.100,0.000,36.230,0.000,0.085,0.000,0.000
407.000,-58.500,0.000,36.530,0.000,0.239,0.000,0.000
408.000,-35.300,0.000,36.300,0.000,0.643,0.000,0.000
409.000,-30.800,0.000,37.030,0.000,0.379,0.000,0.000
410.000,-45.500,0.000,36.400,0.000,0.380,0.000,0.000
411.000,26.600,0.000,36.970,0.000,0.771,0.000,0.000
412.000,80.000,0.000,36.570,0.000,0.580,0.000,0.000
413.000,11.300,0.000,36.780,0.000,0.240,0.000,0.000
414.000,149.700,0.000,36.510,0.000,0.316,0.000,0.000
415.000,145.500,0.000,36.840,0.000,0.480,0.000,0.000
416.000,-127.400,0.000,37.180,0.000,0.745,0.000,0.000
417.000,-90.700,0.000,36.270,0.000,0.042,0.000,0.000
418.000,-28.100,0.000,36.910,0.000,0.360,0.000,0.000
419.000,-126.900,0.000,36.430,0.000,0.360,0.000,0.000
420.000,38.000,0.000,37.160,0.000,0.246,0.000,0.000
421.000,-43.800,0.000,36.080,0.000,0.694,0.000,0.000
422.000,-59.000,0.000,36.270,0.000,0.049,0.000,0.000
423.000,34.800,0.000,36.530,0.000,0.365,0.000,0.000
424.000,0.800,0.000,36.030,0.000,0.328,0.000,0.000
425.000,134.200,0.000,36.710,0.000,0.010,0.000,0.000
426.000,-143.300,0.000,36.230,0.000,0.397,0.000,0.000
427.000,-32.200,0.000,36.330,0.000,0.458,0.000,0.000
428.000,7.200,0.000,36.820,0.000,0.610,0.000,0.000
429.000,75.000,0.000,36.860,0.000,0.496,0.000,0.000
430.000,-96.200,0.000,36.270,0.000,0.706,0.000,0.000
431.000,139.200,0.000,36.770,0.000,0.112,0.000,0.000
432.000,131.900,0.000,36.110,0.000,0.575,0.000,0.000
433.000,-135.500,0.000,36.480,0.000,0.747,0.000,0.000
434.000,-119.400,0.000,36.750,0.000,0.529,0.000,0.000
435.000,77.100,0.000,36.250,0.000,0.058,0.000,0.000
436.000,55.300,0.000,36.120,0.000,0.559,0.000,0.000
437.000,140.300,0.000,36.660,0.000,0.350,0.000,0.000
438.000,89.000,0.000,37.120,0.000,0.780,0.000,0.000
439.000,-9.000,0.000,36.260,0.000,0.353,0.000,0.000
440.000,73.300,0.000,37.180,0.000,0.126,0.000,0.000
441.000,100.700,0.000,36.020,0.000,0.055,0.000,0.000
442.000,-49.700,0.000,36.160,0.000,0.139,0.000,0.000
443.000,-111.100,0.000,36.310,0.000,0.618,0.000,0.000
444.000,-25.600,0.000,36.680,0.000,0.297,0.000,0.000
445.000,58.700,0.000,36.280,0.000,0.766,0.000,0.000
446.000,-4.800,0.000,36.440,0.000,0.262,0.000,0.000
447.000,20.000,0.000,37.030,0.000,0.210,0.000,0.000
448.000,-21.700,0.000,36.160,0.000,0.204,0.000,0.000
449.000,15.500,0.000,36.770,0.000,0.658,0.000,0.000
450.000,147.400,0.000,36.830,0.000,0.317,0.000,0.000
451.000,-115.200,0.000,36.450,0.000,0.048,0.000,0.000
452.000,85.600,0.000,36.520,0.000,0.746,0.000,0.000
453.000,-39.000,0.000,36.180,0.000,0.779,0.000,0.000
454.000,67.900,0.000,36.870,0.000,0.101,0.000,0.000
455.000,25.700,0.000,36.620,0.000,0.362,0.000,0.000
456.000,69.000,0.000,37.180,0.000,0.279,0.000,0.000
457.000,14.000,0.000,37.190,0.000,0.616,0.000,0.000
458.000,108.800,0.000,36.420,0.000,0.545,0.000,0.000
459.000,-96.500,0.000,36.410,0.000,0.090,0.000,0.000
460.000,101.000,0.000,36.390,0.000,0.573,0.000,0.000
461.000,-87.300,0.000,36.960,0.000,0.115,0.000,0.000
462.000,-15.200,0.000,36.080,0.000,0.591,0.000,0.000
463.000,75.300,0.000,37.110,0.000,0.316,0.000,0.000
464.000,-32.000,0.000,36.930,0.000,0.407,0.000,0.000
465.000,-8.600,0.000,36.160,0.000,0.057,0.000,0.000
466.000,130.500,0.000,36.570,0.000,0.343,0.000,0.000
467.000,64.100,0.000,36.440,0.000,0.620,0.000,0.000
468.000,84.400,0.000,36.440,0.000,0.111,0.000,0.000
469.000,20.400,0.000,36.990,0.000,0.627,0.000,0.000
470.000,148.500,0.000,36.490,0.000,0.329,0.000,0.000
471.000,-0.100,0.000,36.580,0.000,0.777,0.000,0.000
472.000,-139.300,0.000,36.470,0.000,0.516,0.000,0.000
473.000,12.000,0.000,36.400,0.000,0.799,0.000,0.000
474.000,-68.700,0.000,36.160,0.000,0.609,0.000,0.000
475.000,106.600,0.000,36.550,0.000,0.041,0.000,0.000
476.000,-119.500,0.000,36.030,0.000,0.663,0.000,0.000
477.000,-6.200,0.000,36.280,0.000,0.511,0.000,0.000
478.000,102.400,0.000,36.250,0.000,0.475,0.000,0.000
479.000,-12.900,0.000,36.280,0.000,0.281,0.000,0.000
480.000,-2.000,0.000,36.020,0.000,0.103,0.000,0.000
481.000,-147.600,0.000,36.150,0.000,0.232,0.000,0.000
482.000,-145.700,0.000,36.490,0.000,0.460,0.000,0.000
483.000,101.000,0.000,36.260,0.000,0.267,0.000,0.000
484.000,86.300,0.000,36.350,0.000,0.152,0.000,0.000
485.000,-20.600,0.000,36.860,0.000,0.283,0.000,0.000
486.000,56.100,0.000,37.080,0.000,0.536,0.000,0.000
487.000,-40.400,0.000,36.730,0.000,0.268,0.000,0.000
488.000,13.100,0.000,37.020,0.000,0.140,0.000,0.000
489.000,-133.000,0.000,36.570,0.000,0.439,0.000,0.000
490.000,-30.000,0.000,36.350,0.000,0.547,0.000,0.000
491.000,-11.400,0.000,36.360,0.000,0.323,0.000,0.000
492.000,3.200,0.000,37.160,0.000,0.773,0.000,0.000
493.000,-87.300,0.000,36.650,0.000,0.594,0.000,0.000
494.000,13.900,0.000,36.250,0.000,0.325,0.000,0.000
495.000,-95.700,0.000,36.560,0.000,0.447,0.000,0.000
496.000,-18.500,0.000,37.130,0.000,0.023,0.000,0.000
497.000,-131.000,0.000,36.430,0.000,0.135,0.000,0.000
498.000,-116.100,0.000,36.590,0.000,0.407,0.000,0.000
499.000,-65.100,0.000,36.780,0.000,0.433,0.000,0.000
500.000,404.600,1.000,40.780,1.000,1.196,1.000,1.000
501.000,419.000,1.000,38.660,1.000,1.223,1.000,1.000
502.000,328.500,1.000,37.400,1.000,1.176,1.000,1.000
503.000,259.400,1.000,41.170,1.000,0.807,1.000,1.000
504.000,243.800,1.000,37.750,1.000,0.837,1.000,1.000
505.000,372.200,1.000,38.670,1.000,1.171,1.000,1.000
506.000,194.800,1.000,38.100,1.000,0.932,1.000,1.000
507.000,188.500,1.000,38.480,1.000,1.042,1.000,1.000
508.000,453.100,1.000,38.440,1.000,0.935,1.000,1.000
509.000,297.200,1.000,41.530,1.000,1.133,1.000,1.000
510.000,264.900,1.000,40.160,1.000,1.264,1.000,1.000
511.000,446.800,1.000,37.440,1.000,0.832,1.000,1.000
512.000,335.500,1.000,39.690,1.000,1.054,1.000,1.000
513.000,403.900,1.000,40.800,1.000,0.906,1.000,1.000
514.000,447.100,1.000,39.800,1.000,1.034,1.000,1.000
515.000,280.100,1.000,37.870,1.000,0.938,1.000,1.000
516.000,459.200,1.000,41.240,1.000,0.928,1.000,1.000
517.000,174.400,1.000,38.390,1.000,1.241,1.000,1.000
518.000,260.100,1.000,41.100,1.000,1.293,1.000,1.000
519.000,424.400,1.000,41.070,1.000,0.945,1.000,1.000
520.000,337.200,1.000,38.510,1.000,1.019,1.000,1.000
521.000,383.900,1.000,37.570,1.000,1.288,1.000,1.000
522.000,455.500,1.000,41.160,1.000,1.231,1.000,1.000
523.000,177.600,1.000,40.890,1.000,1.188,1.000,1.000
524.000,389.300,1.000,41.500,1.000,0.977,1.000,1.000
525.000,278.000,1.000,38.820,1.000,0.991,1.000,1.000
526.000,325.500,1.000,39.110,1.000,0.927,1.000,1.000
527.000,262.600,1.000,40.270,1.000,1.007,1.000,1.000
528.000,276.500,1.000,38.690,1.000,1.053,1.000,1.000
529.000,424.300,1.000,38.670,1.000,1.282,1.000,1.000
530.000,277.400,1.000,37.820,1.000,0.938,1.000,1.000
531.000,266.800,1.000,37.700,1.000,0.980,1.000,1.000
532.000,421.100,1.000,38.940,1.000,0.831,1.000,1.000
533.000,419.800,1.000,38.730,1.000,0.968,1.000,1.000
534.000,217.200,1.000,37.760,1.000,1.293,1.000,1.000
535.000,233.400,1.000,37.600,1.000,0.981,1.000,1.000
536.000,493.500,1.000,37.920,1.000,1.205,1.000,1.000
537.000,188.700,1.000,41.150,1.000,1.261,1.000,1.000
538.000,476.600,1.000,41.020,1.000,1.171,1.000,1.000
539.000,470.800,1.000,40.260,1.000,1.032,1.000,1.000
540.000,224.800,1.000,40.690,1.000,1.235,1.000,1.000
541.000,165.500,1.000,40.430,1.000,0.952,1.000,1.000
542.000,246.500,1.000,40.600,1.000,1.208,1.000,1.000
543.000,405.900,1.000,38.510,1.000,1.284,1.000,1.000
544.000,390.600,1.000,40.210,1.000,0.933,1.000,1.000
545.000,478.400,1.000,40.180,1.000,0.803,1.000,1.000
546.000,187.000,1.000,41.560,1.000,0.849,1.000,1.000
547.000,157.600,1.000,38.810,1.000,1.007,1.000,1.000
548.000,231.600,1.000,39.430,1.000,0.897,1.000,1.000
549.000,250.100,1.000,38.640,1.000,0.913,1.000,1.000
550.000,168.300,1.000,41.070,1.000,0.898,1.000,1.000
551.000,257.000,1.000,39.520,1.000,0.970,1.000,1.000
552.000,403.800,1.000,38.500,1.000,1.172,1.000,1.000
553.000,240.900,1.000,39.300,1.000,1.226,1.000,1.000
554.000,393.300,1.000,40.020,1.000,0.964,1.000,1.000
555.000,364.800,1.000,38.710,1.000,0.877,1.000,1.000
556.000,281.500,1.000,40.630,1.000,1.036,1.000,1.000
557.000,365.900,1.000,40.660,1.000,0.911,1.000,1.000
558.000,488.900,1.000,40.860,1.000,1.043,1.000,1.000
559.000,401.300,1.000,37.720,1.000,1.045,1.000,1.000
560.000,301.100,1.000,37.400,1.000,1.038,1.000,1.000
561.000,493.100,1.000,37.520,1.000,1.204,1.000,1.000
562.000,496.000,1.000,38.250,1.000,1.112,1.000,1.000
563.000,326.100,1.000,39.490,1.000,1.084,1.000,1.000
564.000,160.100,1.000,40.090,1.000,1.160,1.000,1.000
565.000,168.200,1.000,38.870,1.000,1.009,1.000,1.000
566.000,272.400,1.000,41.330,1.000,1.051,1.000,1.000
567.000,190.700,1.000,37.580,1.000,1.085,1.000,1.000
568.000,453.500,1.000,38.500,1.000,1.159,1.000,1.000
569.000,317.500,1.000,40.190,1.000,1.281,1.000,1.000
570.000,365.900,1.000,39.780,1.000,0.903,1.000,1.000
571.000,295.200,1.000,38.980,1.000,0.916,1.000,1.000
572.000,480.200,1.000,38.140,1.000,0.990,1.000,1.000
573.000,165.800,1.000,37.690,1.000,1.227,1.000,1.000
574.000,152.600,1.000,40.560,1.000,1.058,1.000,1.000
575.000,435.400,1.000,39.710,1.000,1.241,1.000,1.000
576.000,290.000,1.000,38.700,1.000,1.241,1.000,1.000
577.000,390.400,1.000,38.750,1.000,1.213,1.000,1.000
578.000,171.200,1.000,38.530,1.000,0.979,1.000,1.000
579.000,335.200,1.000,41.400,1.000,0.825,1.000,1.000
580.000,217.500,1.000,38.690,1.000,0.861,1.000,1.000
581.000,444.100,1.000,37.360,1.000,1.261,1.000,1.000
582.000,162.800,1.000,37.660,1.000,1.011,1.000,1.000
583.000,310.000,1.000,38.510,1.000,0.941,1.000,1.000
584.000,359.000,1.000,38.970,1.000,0.970,1.000,1.000
585.000,495.600,1.000,38.740,1.000,1.219,1.000,1.000
586.000,236.700,1.000,37.350,1.000,1.080,1.000,1.000
587.000,476.900,1.000,40.390,1.000,1.227,1.000,1.000
588.000,156.000,1.000,38.330,1.000,1.167,1.000,1.000
589.000,298.200,1.000,38.070,1.000,1.176,1.000,1.000
590.000,443.300,1.000,40.530,1.000,1.239,1.000,1.000
591.000,244.700,1.000,38.340,1.000,1.185,1.000,1.000
592.000,293.700,1.000,39.530,1.000,1.122,1.000,1.000
593.000,324.900,1.000,38.740,1.000,1.069,1.000,1.000
594.000,239.600,1.000,38.940,1.000,1.027,1.000,1.000
595.000,294.900,1.000,40.870,1.000,1.188,1.000,1.000
596.000,198.000,1.000,40.540,1.000,0.868,1.000,1.000
597.000,454.300,1.000,39.180,1.000,1.124,1.000,1.000
598.000,278.100,1.000,40.420,1.000,0.874,1.000,1.000
599.000,408.900,1.000,39.580,1.000,0.885,1.000,1.000
600.000,375.800,1.000,39.040,1.000,1.000,1.000,1.000
601.000,438.900,1.000,38.270,1.000,1.255,1.000,1.000
602.000,456.800,1.000,41.150,1.000,1.058,1.000,1.000
603.000,215.400,1.000,38.560,1.000,1.283,1.000,1.000
604.000,421.500,1.000,41.480,1.000,0.994,1.000,1.000
605.000,375.300,1.000,39.390,1.000,1.292,1.000,1.000
606.000,252.500,1.000,41.160,1.000,0.987,1.000,1.000
607.000,349.500,1.000,40.220,1.000,0.930,1.000,1.000
608.000,228.600,1.000,37.600,1.000,1.247,1.000,1.000
609.000,292.000,1.000,39.410,1.000,1.062,1.000,1.000
610.000,473.700,1.000,38.150,1.000,1.040,1.000,1.000
611.000,385.300,1.000,41.240,1.000,0.961,1.000,1.000
612.000,374.800,1.000,41.350,1.000,1.155,1.000,1.000
613.000,361.400,1.000,41.200,1.000,1.089,1.000,1.000
614.000,444.300,1.000,41.570,1.000,0.915,1.000,1.000
615.000,419.000,1.000,40.480,1.000,0.891,1.000,1.000
616.000,492.200,1.000,41.210,1.000,0.812,1.000,1.000
617.000,441.400,1.000,40.030,1.000,0.904,1.000,1.000
618.000,183.200,1.000,38.330,1.000,1.040,1.000,1.000
619.000,317.300,1.000,38.790,1.000,1.260,1.000,1.000
620.000,440.000,1.000,37.360,1.000,0.955,1.000,1.000
621.000,225.900,1.000,39.140,1.000,0.906,1.000,1.000
622.000,454.800,1.000,40.250,1.000,0.803,1.000,1.000
623.000,499.600,1.000,40.310,1.000,0.951,1.000,1.000
624.000,208.800,1.000,40.140,1.000,1.019,1.000,1.000
625.000,226.100,1.000,37.330,1.000,0.823,1.000,1.000
626.000,454.000,1.000,38.310,1.000,0.940,1.000,1.000
627.000,203.600,1.000,40.860,1.000,1.195,1.000,1.000
628.000,463.700,1.000,40.360,1.000,1.200,1.000,1.000
629.000,281.900,1.000,40.820,1.000,1.271,1.000,1.000
630.000,498.200,1.000,37.340,1.000,0.861,1.000,1.000
631.000,437.000,1.000,39.710,1.000,1.195,1.000,1.000
632.000,186.500,1.000,39.860,1.000,1.286,1.000,1.000
633.000,178.000,1.000,38.710,1.000,0.970,1.000,1.000
634.000,294.000,1.000,39.370,1.000,0.943,1.000,1.000
635.000,418.000,1.000,40.270,1.000,1.214,1.000,1.000
636.000,284.900,1.000,40.880,1.000,0.924,1.000,1.000
637.000,440.300,1.000,40.220,1.000,0.966,1.000,1.000
638.000,327.100,1.000,40.510,1.000,1.195,1.000,1.000
639.000,335.600,1.000,39.000,1.000,1.030,1.000,1.000
640.000,350.700,1.000,41.400,1.000,1.040,1.000,1.000
641.000,432.000,1.000,37.800,1.000,1.266,1.000,1.000
642.000,271.000,1.000,41.010,1.000,1.096,1.000,1.000
643.000,380.300,1.000,37.800,1.000,0.945,1.000,1.000
644.000,257.700,1.000,40.540,1.000,0.870,1.000,1.000
645.000,288.800,1.000,38.790,1.000,1.004,1.000,1.000
646.000,208.300,1.000,38.350,1.000,1.052,1.000,1.000
647.000,351.300,1.000,38.360,1.000,0.971,1.000,1.000
648.000,445.200,1.000,40.610,1.000,0.823,1.000,1.000
649.000,239.800,1.000,39.680,1.000,0.957,1.000,1.000
650.000,280.700,1.000,37.670,1.000,1.244,1.000,1.000
651.000,170.300,1.000,40.150,1.000,0.917,1.000,1.000
652.000,361.300,1.000,37.500,1.000,1.070,1.000,1.000
653.000,341.200,1.000,38.050,1.000,1.045,1.000,1.000
654.000,213.700,1.000,38.720,1.000,1.035,1.000,1.000
655.000,416.600,1.000,40.180,1.000,1.278,1.000,1.000
656.000,177.600,1.000,38.930,1.000,0.904,1.000,1.000
657.000,229.500,1.000,39.010,1.000,1.091,1.000,1.000
658.000,255.100,1.000,39.000,1.000,1.160,1.000,1.000
659.000,457.200,1.000,40.470,1.000,0.803,1.000,1.000
660.000,385.400,1.000,40.070,1.000,1.133,1.000,1.000
661.000,167.200,1.000,40.970,1.000,1.008,1.000,1.000
662.000,395.900,1.000,39.270,1.000,1.022,1.000,1.000
663.000,396.200,1.000,40.400,1.000,0.948,1.000,1.000
664.000,336.400,1.000,38.210,1.000,1.300,1.000,1.000
665.000,153.400,1.000,37.500,1.000,1.202,1.000,1.000
666.000,400.500,1.000,41.350,1.000,0.855,1.000,1.000
667.000,240.000,1.000,39.490,1.000,1.263,1.000,1.000
668.000,240.200,1.000,40.930,1.000,0.845,1.000,1.000
669.000,373.700,1.000,38.310,1.000,0.901,1.000,1.000
670.000,208.500,1.000,39.460,1.000,1.225,1.000,1.000
671.000,157.400,1.000,40.420,1.000,0.936,1.000,1.000
672.000,311.500,1.000,38.060,1.000,1.186,1.000,1.000
673.000,188.200,1.000,40.500,1.000,0.979,1.000,1.000
674.000,374.100,1.000,38.460,1.000,0.937,1.000,1.000
675.000,484.800,1.000,41.260,1.000,0.875,1.000,1.000
676.000,407.400,1.000,38.370,1.000,1.007,1.000,1.000
677.000,377.200,1.000,41.390,1.000,1.069,1.000,1.000
678.000,287.900,1.000,39.050,1.000,1.018,1.000,1.000
679.000,335.000,1.000,40.930,1.000,0.828,1.000,1.000
680.000,436.600,1.000,37.570,1.000,0.801,1.000,1.000
681.000,429.800,1.000,38.960,1.000,0.827,1.000,1.000
682.000,427.700,1.000,37.350,1.000,1.174,1.000,1.000
683.000,265.200,1.000,39.730,1.000,1.090,1.000,1.000
684.000,257.700,1.000,38.800,1.000,0.929,1.000,1.000
685.000,214.400,1.000,39.930,1.000,1.202,1.000,1.000
686.000,319.600,1.000,39.920,1.000,1.218,1.000,1.000
687.000,302.600,1.000,37.820,1.000,1.190,1.000,1.000
688.000,370.900,1.000,41.500,1.000,1.009,1.000,1.000
689.000,428.500,1.000,38.510,1.000,1.120,1.000,1.000
690.000,413.000,1.000,39.320,1.000,1.104,1.000,1.000
691.000,307.300,1.000,40.170,1.000,1.096,1.000,1.000
692.000,220.700,1.000,40.910,1.000,0.938,1.000,1.000
693.000,301.400,1.000,41.350,1.000,0.853,1.000,1.000
694.000,330.000,1.000,38.880,1.000,1.069,1.000,1.000
695.000,202.200,1.000,40.030,1.000,0.869,1.000,1.000
696.000,454.500,1.000,40.080,1.000,1.245,1.000,1.000
697.000,280.600,1.000,40.580,1.000,1.197,1.000,1.000
698.000,498.200,1.000,40.710,1.000,1.198,1.000,1.000
699.000,284.200,1.000,40.970,1.000,1.111,1.000,1.000
700.000,181.900,1.000,40.660,1.000,1.001,1.000,1.000
701.000,402.100,1.000,39.100,1.000,0.870,1.000,1.000
702.000,321.900,1.000,40.490,1.000,1.005,1.000,1.000
703.000,232.800,1.000,41.010,1.000,0.830,1.000,1.000
704.000,490.400,1.000,39.070,1.000,1.290,1.000,1.000
705.000,358.800,1.000,41.500,1.000,1.090,1.000,1.000
706.000,219.000,1.000,40.990,1.000,1.158,1.000,1.000
707.000,462.400,1.000,37.450,1.000,1.221,1.000,1.000
708.000,341.300,1.000,39.200,1.000,1.021,1.000,1.000
709.000,315.600,1.000,39.240,1.000,0.885,1.000,1.000
710.000,333.400,1.000,39.920,1.000,1.019,1.000,1.000
711.000,207.200,1.000,40.580,1.000,1.212,1.000,1.000
712.000,447.900,1.000,40.400,1.000,1.167,1.000,1.000
713.000,412.100,1.000,40.140,1.000,0.982,1.000,1.000
714.000,226.600,1.000,38.930,1.000,1.123,1.000,1.000
715.000,454.000,1.000,40.100,1.000,1.021,1.000,1.000
716.000,486.600,1.000,39.080,1.000,0.838,1.000,1.000
717.000,428.400,1.000,38.720,1.000,0.910,1.000,1.000
718.000,155.300,1.000,39.960,1.000,0.928,1.000,1.000
719.000,237.700,1.000,40.000,1.000,0.864,1.000,1.000
720.000,321.500,1.000,41.110,1.000,0.818,1.000,1.000
721.000,345.400,1.000,39.240,1.000,1.163,1.000,1.000
722.000,292.900,1.000,38.170,1.000,1.223,1.000,1.000
723.000,453.500,1.000,40.000,1.000,0.872,1.000,1.000
724.000,306.700,1.000,38.660,1.000,1.016,1.000,1.000
725.000,441.800,1.000,37.460,1.000,0.900,1.000,1.000
726.000,238.500,1.000,38.100,1.000,1.227,1.000,1.000
727.000,485.300,1.000,40.760,1.000,0.850,1.000,1.000
728.000,421.700,1.000,40.820,1.000,1.237,1.000,1.000
729.000,168.500,1.000,38.000,1.000,1.018,1.000,1.000
730.000,203.000,1.000,39.520,1.000,1.047,1.000,1.000
731.000,331.600,1.000,40.610,1.000,0.946,1.000,1.000
732.000,328.800,1.000,39.620,1.000,1.210,1.000,1.000
733.000,273.100,1.000,39.110,1.000,0.836,1.000,1.000
734.000,366.200,1.000,41.300,1.000,1.217,1.000,1.000
735.000,243.800,1.000,41.450,1.000,1.131,1.000,1.000
736.000,349.100,1.000,37.510,1.000,0.995,1.000,1.000
737.000,471.600,1.000,40.610,1.000,1.031,1.000,1.000
738.000,198.300,1.000,37.310,1.000,1.035,1.000,1.000
739.000,414.400,1.000,39.400,1.000,0.834,1.000,1.000
740.000,192.900,1.000,40.310,1.000,1.095,1.000,1.000
741.000,220.400,1.000,40.570,1.000,1.174,1.000,1.000
742.000,295.800,1.000,37.840,1.000,1.054,1.000,1.000
743.000,284.100,1.000,39.940,1.000,1.165,1.000,1.000
744.000,429.300,1.000,38.290,1.000,1.185,1.000,1.000
745.000,322.300,1.000,38.180,1.000,0.998,1.000,1.000
746.000,332.300,1.000,38.290,1.000,0.876,1.000,1.000
747.000,181.500,1.000,38.150,1.000,0.913,1.000,1.000
748.000,345.900,1.000,37.880,1.000,0.998,1.000,1.000
749.000,370.800,1.000,39.410,1.000,0.881,1.000,1.000
750.000,-282.600,1.000,41.410,1.000,0.966,1.000,1.000
751.000,-214.700,1.000,38.990,1.000,1.221,1.000,1.000
752.000,-323.900,1.000,40.080,1.000,1.112,1.000,1.000
753.000,-462.800,1.000,39.240,1.000,1.065,1.000,1.000
754.000,-326.200,1.000,38.360,1.000,1.137,1.000,1.000
755.000,-254.400,1.000,38.940,1.000,0.931,1.000,1.000
756.000,-420.400,1.000,38.760,1.000,1.004,1.000,1.000
757.000,-386.200,1.000,38.000,1.000,0.955,1.000,1.000
758.000,-321.000,1.000,38.650,1.000,1.087,1.000,1.000
759.000,-280.600,1.000,38.230,1.000,0.801,1.000,1.000
760.000,-447.900,1.000,37.360,1.000,0.934,1.000,1.000
761.000,-229.700,1.000,41.520,1.000,1.115,1.000,1.000
762.000,-303.800,1.000,39.010,1.000,1.153,1.000,1.000
763.000,-365.900,1.000,41.060,1.000,1.291,1.000,1.000
764.000,-192.100,1.000,38.810,1.000,1.138,1.000,1.000
765.000,-231.800,1.000,39.660,1.000,1.258,1.000,1.000
766.000,-181.200,1.000,40.870,1.000,0.986,1.000,1.000
767.000,-438.200,1.000,38.170,1.000,1.050,1.000,1.000
768.000,-451.400,1.000,37.800,1.000,0.922,1.000,1.000
769.000,-419.300,1.000,38.970,1.000,1.112,1.000,1.000
770.000,-192.400,1.000,40.270,1.000,1.068,1.000,1.000
771.000,-483.700,1.000,37.520,1.000,1.077,1.000,1.000
772.000,-395.200,1.000,40.160,1.000,0.903,1.000,1.000
773.000,-344.200,1.000,37.650,1.000,0.968,1.000,1.000
774.000,-192.000,1.000,41.280,1.000,1.024,1.000,1.000
775.000,-438.200,1.000,40.440,1.000,0.985,1.000,1.000
776.000,-216.600,1.000,39.930,1.000,1.081,1.000,1.000
777.000,-339.800,1.000,41.120,1.000,0.968,1.000,1.000
778.000,-455.700,1.000,38.250,1.000,1.029,1.000,1.000
779.000,-214.600,1.000,37.920,1.000,1.241,1.000,1.000
780.000,-499.000,1.000,37.640,1.000,1.251,1.000,1.000
781.000,-452.400,1.000,40.840,1.000,1.190,1.000,1.000
782.000,-460.500,1.000,40.300,1.000,1.155,1.000,1.000
783.000,-344.400,1.000,41.220,1.000,1.068,1.000,1.000
784.000,-395.100,1.000,37.430,1.000,0.976,1.000,1.000
785.000,-459.300,1.000,38.790,1.000,1.163,1.000,1.000
786.000,-228.800,1.000,40.390,1.000,0.811,1.000,1.000
787.000,-291.800,1.000,37.390,1.000,1.235,1.000,1.000
788.000,-363.300,1.000,38.660,1.000,1.174,1.000,1.000
789.000,-383.100,1.000,40.860,1.000,1.235,1.000,1.000
790.000,-190.300,1.000,38.130,1.000,0.932,1.000,1.000
791.000,-240.400,1.000,40.350,1.000,0.832,1.000,1.000
792.000,-221.800,1.000,39.600,1.000,1.250,1.000,1.000
793.000,-254.400,1.000,41.340,1.000,1.281,1.000,1.000
794.000,-211.400,1.000,39.130,1.000,1.142,1.000,1.000
795.000,-294.200,1.000,38.920,1.000,1.168,1.000,1.000
796.000,-494.200,1.000,38.100,1.000,1.147,1.000,1.000
797.000,-452.900,1.000,37.860,1.000,1.072,1.000,1.000
798.000,-428.700,1.000,39.460,1.000,0.981,1.000,1.000
799.000,-274.900,1.000,41.410,1.000,1.065,1.000,1.000
800.000,-418.800,1.000,30.300,1.000,1.229,1.000,1.000
801.000,-303.900,1.000,32.610,1.000,1.221,1.000,1.000
802.000,-333.400,1.000,33.200,1.000,1.273,1.000,1.000
803.000,-422.800,1.000,29.500,1.000,1.164,1.000,1.000
804.000,-385.000,1.000,33.400,1.000,0.880,1.000,1.000
805.000,-403.100,1.000,29.600,1.000,0.922,1.000,1.000
806.000,-366.300,1.000,28.410,1.000,0.915,1.000,1.000
807.000,-428.000,1.000,28.750,1.000,1.196,1.000,1.000
808.000,-359.100,1.000,35.750,1.000,1.229,1.000,1.000
809.000,-311.800,1.000,31.550,1.000,1.300,1.000,1.000
810.000,-492.600,1.000,28.680,1.000,1.278,1.000,1.000
811.000,-422.000,1.000,31.960,1.000,0.800,1.000,1.000
812.000,-495.100,1.000,28.400,1.000,1.259,1.000,1.000
813.000,-331.800,1.000,33.910,1.000,1.252,1.000,1.000
814.000,-460.700,1.000,30.390,1.000,0.999,1.000,1.000
815.000,-331.500,1.000,33.960,1.000,1.134,1.000,1.000
816.000,-390.600,1.000,30.650,1.000,1.274,1.000,1.000
817.000,-303.100,1.000,32.980,1.000,1.057,1.000,1.000
818.000,-282.100,1.000,28.320,1.000,1.164,1.000,1.000
819.000,-343.100,1.000,30.610,1.000,1.064,1.000,1.000
820.000,-155.000,1.000,32.510,1.000,0.849,1.000,1.000
821.000,-193.100,1.000,31.170,1.000,1.292,1.000,1.000
822.000,-217.900,1.000,34.850,1.000,0.874,1.000,1.000
823.000,-211.600,1.000,29.570,1.000,1.090,1.000,1.000
824.000,-441.300,1.000,34.560,1.000,1.063,1.000,1.000
825.000,-199.500,1.000,31.590,1.000,1.028,1.000,1.000
826.000,-183.600,1.000,28.550,1.000,0.819,1.000,1.000
827.000,-188.500,1.000,28.050,1.000,1.155,1.000,1.000
828.000,-317.400,1.000,29.990,1.000,0.907,1.000,1.000
829.000,-473.400,1.000,28.940,1.000,0.988,1.000,1.000
830.000,-273.300,1.000,33.410,1.000,1.296,1.000,1.000
831.000,-195.200,1.000,33.620,1.000,0.932,1.000,1.000
832.000,-174.800,1.000,28.050,1.000,1.210,1.000,1.000
833.000,-485.500,1.000,35.600,1.000,0.971,1.000,1.000
834.000,-364.100,1.000,29.230,1.000,1.046,1.000,1.000
835.000,-228.300,1.000,29.530,1.000,1.281,1.000,1.000
836.000,-226.700,1.000,29.070,1.000,0.941,1.000,1.000
837.000,-279.800,1.000,30.040,1.000,0.827,1.000,1.000
838.000,-398.300,1.000,34.700,1.000,1.031,1.000,1.000
839.000,-211.400,1.000,35.080,1.000,0.912,1.000,1.000
840.000,-356.500,1.000,30.570,1.000,1.024,1.000,1.000
841.000,-336.700,1.000,34.040,1.000,0.929,1.000,1.000
842.000,-367.800,1.000,33.460,1.000,0.832,1.000,1.000
843.000,-409.700,1.000,33.300,1.000,0.886,1.000,1.000
844.000,-467.500,1.000,30.510,1.000,1.259,1.000,1.000
845.000,-454.000,1.000,31.420,1.000,1.068,1.000,1.000
846.000,-310.400,1.000,31.310,1.000,1.223,1.000,1.000
847.000,-389.200,1.000,28.880,1.000,1.167,1.000,1.000
848.000,-469.000,1.000,33.870,1.000,1.149,1.000,1.000
849.000,-354.400,1.000,33.910,1.000,1.122,1.000,1.000
850.000,-492.200,1.000,29.590,1.000,0.949,1.000,1.000
851.000,-256.000,1.000,32.220,1.000,0.922,1.000,1.000
852.000,-461.100,1.000,32.100,1.000,1.266,1.000,1.000
853.000,-445.900,1.000,29.520,1.000,0.852,1.000,1.000
854.000,-223.900,1.000,28.250,1.000,1.095,1.000,1.000
855.000,-184.100,1.000,33.470,1.000,0.993,1.000,1.000
856.000,-272.400,1.000,31.230,1.000,1.123,1.000,1.000
857.000,-320.800,1.000,28.700,1.000,1.156,1.000,1.000
858.000,-480.500,1.000,32.820,1.000,1.089,1.000,1.000
859.000,-258.300,1.000,33.260,1.000,0.868,1.000,1.000
860.000,-192.300,1.000,29.690,1.000,0.868,1.000,1.000
861.000,-424.300,1.000,34.060,1.000,0.882,1.000,1.000
862.000,-156.600,1.000,28.400,1.000,1.016,1.000,1.000
863.000,-361.700,1.000,32.440,1.000,1.052,1.000,1.000
864.000,-371.400,1.000,35.580,1.000,0.962,1.000,1.000
865.000,-470.200,1.000,29.660,1.000,0.819,1.000,1.000
866.000,-273.700,1.000,33.340,1.000,1.225,1.000,1.000
867.000,-373.000,1.000,28.670,1.000,0.857,1.000,1.000
868.000,-289.600,1.000,30.380,1.000,1.082,1.000,1.000
869.000,-325.300,1.000,34.740,1.000,1.094,1.000,1.000
870.000,-441.400,1.000,28.740,1.000,1.293,1.000,1.000
871.000,-461.000,1.000,29.660,1.000,0.983,1.000,1.000
872.000,-178.500,1.000,29.540,1.000,1.270,1.000,1.000
873.000,-429.000,1.000,30.620,1.000,0.939,1.000,1.000
874.000,-156.400,1.000,32.540,1.000,0.907,1.000,1.000
875.000,-177.500,1.000,33.940,1.000,1.076,1.000,1.000
876.000,-396.100,1.000,28.780,1.000,1.190,1.000,1.000
877.000,-470.600,1.000,28.780,1.000,0.806,1.000,1.000
878.000,-306.600,1.000,29.870,1.000,1.127,1.000,1.000
879.000,-454.700,1.000,32.410,1.000,1.135,1.000,1.000
880.000,-387.800,1.000,29.530,1.000,1.107,1.000,1.000
881.000,-231.600,1.000,29.090,1.000,0.809,1.000,1.000
882.000,-239.400,1.000,32.640,1.000,1.036,1.000,1.000
883.000,-339.000,1.000,28.290,1.000,1.263,1.000,1.000
884.000,-319.700,1.000,30.070,1.000,1.030,1.000,1.000
885.000,-201.700,1.000,32.380,1.000,1.039,1.000,1.000
886.000,-347.800,1.000,28.310,1.000,1.268,1.000,1.000
887.000,-369.700,1.000,30.230,1.000,1.113,1.000,1.000
888.000,-486.000,1.000,33.130,1.000,1.289,1.000,1.000
889.000,-353.300,1.000,35.870,1.000,0.964,1.000,1.000
890.000,-360.800,1.000,33.850,1.000,0.892,1.000,1.000
891.000,-308.600,1.000,28.910,1.000,0.911,1.000,1.000
892.000,-482.400,1.000,33.770,1.000,1.087,1.000,1.000
893.000,-163.600,1.000,35.730,1.000,1.002,1.000,1.000
894.000,-167.900,1.000,28.390,1.000,1.077,1.000,1.000
895.000,-186.800,1.000,31.550,1.000,1.204,1.000,1.000
896.000,-393.900,1.000,28.530,1.000,1.297,1.000,1.000
897.000,-254.500,1.000,30.470,1.000,0.946,1.000,1.000
898.000,-309.900,1.000,31.470,1.000,0.831,1.000,1.000
899.000,-172.700,1.000,28.370,1.000,1.287,1.000,1.000
900.000,-162.900,1.000,28.090,1.000,1.015,1.000,1.000
901.000,-402.200,1.000,29.790,1.000,0.811,1.000,1.000
902.000,-447.900,1.000,33.140,1.000,1.292,1.000,1.000
903.000,-479.700,1.000,31.250,1.000,0.879,1.000,1.000
904.000,-290.700,1.000,34.740,1.000,1.070,1.000,1.000
905.000,-202.300,1.000,34.310,1.000,0.959,1.000,1.000
906.000,-266.000,1.000,31.350,1.000,1.114,1.000,1.000
907.000,-452.800,1.000,29.120,1.000,1.117,1.000,1.000
908.000,-256.500,1.000,30.440,1.000,0.826,1.000,1.000
909.000,-410.500,1.000,31.360,1.000,1.159,1.000,1.000
910.000,-393.800,1.000,29.030,1.000,0.810,1.000,1.000
911.000,-400.400,1.000,30.830,1.000,1.201,1.000,1.000
912.000,-402.500,1.000,34.430,1.000,1.249,1.000,1.000
913.000,-190.400,1.000,32.270,1.000,0.904,1.000,1.000
914.000,-446.400,1.000,33.780,1.000,0.873,1.000,1.000
915.000,-469.400,1.000,28.980,1.000,1.033,1.000,1.000
916.000,-332.800,1.000,34.430,1.000,1.194,1.000,1.000
917.000,-337.600,1.000,34.400,1.000,0.998,1.000,1.000
918.000,-479.700,1.000,28.560,1.000,1.016,1.000,1.000
919.000,-261.100,1.000,28.300,1.000,0.873,1.000,1.000
920.000,-453.900,1.000,28.920,1.000,1.253,1.000,1.000
921.000,-359.700,1.000,33.150,1.000,0.956,1.000,1.000
922.000,-288.600,1.000,30.190,1.000,1.086,1.000,1.000
923.000,-263.500,1.000,30.270,1.000,0.852,1.000,1.000
924.000,-304.000,1.000,33.220,1.000,0.843,1.000,1.000
925.000,-269.700,1.000,28.390,1.000,1.189,1.000,1.000
926.000,-206.000,1.000,35.700,1.000,0.864,1.000,1.000
927.000,-492.300,1.000,29.550,1.000,1.224,1.000,1.000
928.000,-280.900,1.000,34.750,1.000,0.999,1.000,1.000
929.000,-216.000,1.000,28.110,1.000,1.071,1.000,1.000
930.000,-475.900,1.000,29.240,1.000,0.878,1.000,1.000
931.000,-406.700,1.000,34.830,1.000,0.852,1.000,1.000
932.000,-379.400,1.000,29.770,1.000,1.022,1.000,1.000
933.000,-350.500,1.000,31.170,1.000,0.996,1.000,1.000
934.000,-264.400,1.000,34.500,1.000,1.080,1.000,1.000
935.000,-352.100,1.000,34.250,1.000,0.983,1.000,1.000
936.000,-486.500,1.000,32.900,1.000,0.924,1.000,1.000
937.000,-373.800,1.000,33.800,1.000,1.182,1.000,1.000
938.000,-322.000,1.000,34.950,1.000,1.284,1.000,1.000
939.000,-192.300,1.000,29.230,1.000,1.162,1.000,1.000
940.000,-420.400,1.000,35.200,1.000,1.273,1.000,1.000
941.000,-448.700,1.000,28.270,1.000,0.891,1.000,1.000
942.000,-259.400,1.000,30.140,1.000,1.291,1.000,1.000
943.000,-284.800,1.000,33.250,1.000,0.804,1.000,1.000
944.000,-448.200,1.000,30.470,1.000,0.964,1.000,1.000
945.000,-252.900,1.000,28.740,1.000,1.092,1.000,1.000
946.000,-403.300,1.000,32.400,1.000,1.087,1.000,1.000
947.000,-413.400,1.000,28.370,1.000,1.097,1.000,1.000
948.000,-272.100,1.000,33.520,1.000,0.814,1.000,1.000
949.000,-249.200,1.000,33.360,1.000,0.841,1.000,1.000
950.000,-179.700,1.000,30.970,1.000,1.221,1.000,1.000
951.000,-161.900,1.000,32.840,1.000,0.962,1.000,1.000
952.000,-320.100,1.000,34.500,1.000,1.100,1.000,1.000
953.000,-389.700,1.000,31.070,1.000,1.033,1.000,1.000
954.000,-258.000,1.000,31.920,1.000,1.256,1.000,1.000
955.000,-340.500,1.000,33.830,1.000,1.034,1.000,1.000
956.000,-488.800,1.000,33.460,1.000,0.974,1.000,1.000
957.000,-389.300,1.000,34.160,1.000,1.059,1.000,1.000
958.000,-290.200,1.000,29.840,1.000,0.820,1.000,1.000
959.000,-164.400,1.000,34.030,1.000,0.826,1.000,1.000
960.000,-238.000,1.000,34.440,1.000,0.921,1.000,1.000
961.000,-481.400,1.000,33.240,1.000,0.875,1.000,1.000
962.000,-453.900,1.000,31.810,1.000,0.839,1.000,1.000
963.000,-169.800,1.000,33.980,1.000,0.957,1.000,1.000
964.000,-352.900,1.000,28.960,1.000,1.202,1.000,1.000
965.000,-157.200,1.000,31.720,1.000,1.255,1.000,1.000
966.000,-404.700,1.000,35.330,1.000,1.167,1.000,1.000
967.000,-164.100,1.000,28.920,1.000,1.260,1.000,1.000
968.000,-349.000,1.000,30.120,1.000,1.154,1.000,1.000
969.000,-178.700,1.000,30.930,1.000,1.026,1.000,1.000
970.000,-185.200,1.000,35.800,1.000,0.807,1.000,1.000
971.000,-152.900,1.000,33.140,1.000,0.959,1.000,1.000
972.000,-451.000,1.000,30.040,1.000,1.246,1.000,1.000
973.000,-226.500,1.000,32.680,1.000,0.866,1.000,1.000
974.000,-315.100,1.000,34.570,1.000,0.891,1.000,1.000
975.000,-346.600,1.000,30.880,1.000,1.121,1.000,1.000
976.000,-384.000,1.000,35.470,1.000,1.249,1.000,1.000
977.000,-225.900,1.000,28.090,1.000,1.074,1.000,1.000
978.000,-335.000,1.000,35.210,1.000,1.281,1.000,1.000
979.000,-418.500,1.000,30.620,1.000,1.130,1.000,1.000
980.000,-484.800,1.000,33.190,1.000,0.901,1.000,1.000
981.000,-187.900,1.000,32.970,1.000,1.152,1.000,1.000
982.000,-253.800,1.000,32.740,1.000,1.178,1.000,1.000
983.000,-333.800,1.000,31.250,1.000,0.832,1.000,1.000
984.000,-458.900,1.000,35.900,1.000,0.877,1.000,1.000
985.000,-388.300,1.000,30.740,1.000,0.911,1.000,1.000
986.000,-345.900,1.000,30.420,1.000,0.811,1.000,1.000
987.000,-358.000,1.000,35.680,1.000,1.175,1.000,1.000
988.000,-431.900,1.000,31.430,1.000,0.948,1.000,1.000
989.000,-206.300,1.000,31.990,1.000,1.022,1.000,1.000
990.000,-371.500,1.000,34.100,1.000,0.838,1.000,1.000
991.000,-403.300,1.000,28.180,1.000,0.973,1.000,1.000
992.000,-277.700,1.000,32.790,1.000,1.292,1.000,1.000
993.000,-436.700,1.000,35.530,1.000,1.035,1.000,1.000
994.000,-454.400,1.000,29.220,1.000,1.204,1.000,1.000
995.000,-499.300,1.000,28.940,1.000,0.853,1.000,1.000
996.000,-213.400,1.000,34.100,1.000,0.919,1.000,1.000
997.000,-492.900,1.000,35.320,1.000,0.988,1.000,1.000
998.000,-291.200,1.000,28.550,1.000,1.005,1.000,1.000
999.000,-323.000,1.000,29.550,1.000,1.061,1.000,1.000
1000.000,-349.400,1.000,31.070,1.000,0.950,1.000,1.000