TRIAL,HR,HR_FLAG,TEMP,TEMP_FLAG,EDA,EDA_FLAG,FINAL_FLAG
1,24.77,1,36.2,0,0.034,0,0
2,20.40,1,37.11,0,0.778,0,0
3,34.56,1,36.26,0,0.606,0,0
4,53.77,1,37.03,0,0.753,0,0
5,4.48,1,36.46,0,0.366,0,0
6,32.21,1,36.8,0,0.901,0,0
7,1.88,1,36.55,0,0.886,0,0
8,14.92,1,36.14,0,0.804,0,0
9,46.56,1,36.8,0,0.626,0,0
10,41.42,1,36.74,0,0.189,0,0
11,10.80,1,37.1,0,0.102,0,0
12,26.00,1,36.74,0,0.518,0,0
13,14.38,1,36.48,0,0.508,0,0
14,53.92,1,36.23,0,0.683,0,0
15,34.05,1,37.02,0,0.408,0,0
16,42.27,1,36.93,0,0.639,0,0
17,28.21,1,36.94,0,0.667,0,0
18,42.09,1,36.93,0,0.373,0,0
19,35.86,1,36.71,0,0.487,0,0
20,11.03,1,37.13,0,0.23,0,0
21,30.09,1,36.14,0,0.97,0,0
22,54.49,1,36.13,0,0.492,0,0
23,20.65,1,36.22,0,0.448,0,0
24,2.76,1,36.03,0,0.675,0,0
25,18.85,1,37.2,1,0.275,0,1
26,39.65,1,37.07,0,0.814,0,0
27,39.50,1,36.02,0,0.748,0,0
28,30.65,1,36.76,0,0.145,0,0
29,12.09,1,36.04,0,0.38,0,0
30,38.70,1,36.34,0,0.197,0,0
31,46.39,1,37.2,1,0.507,0,1
32,32.03,1,36.72,0,0.877,0,0
33,49.16,1,37.16,0,0.084,0,0
34,39.71,1,36.12,0,0.799,0,0
35,24.23,1,36.54,0,0.969,0,0
36,8.09,1,36.49,0,0.453,0,0
37,30.62,1,36.89,0,0.458,0,0
38,32.27,1,36.91,0,0.635,0,0
39,14.80,1,37.16,0,0.924,0,0
40,7.35,1,37.2,1,0.32,0,1
41,40.01,1,36.94,0,0.888,0,0
42,54.68,1,36.64,0,0.152,0,0
43,57.94,1,37.03,0,0.609,0,0
44,57.09,1,36.25,0,0.601,0,0
45,45.40,1,36.65,0,0.892,0,0
46,30.44,1,36.2,0,0.895,0,0
47,3.24,1,36.08,0,0.828,0,0
48,55.16,1,36.97,0,0.041,0,0
49,6.31,1,36.01,0,0.594,0,0
50,7.85,1,36.6,0,0.222,0,0
51,17.35,1,36.1,0,0.804,0,0
52,5.13,1,36.4,0,0.674,0,0
53,34.05,1,37.11,0,0.165,0,0
54,0.12,1,36.16,0,0.586,0,0
55,47.11,1,36.2,0,0.859,0,0
56,53.67,1,36.37,0,0.66,0,0
57,58.99,1,36.83,0,0.963,0,0
58,0.66,1,36.95,0,0.545,0,0
59,30.62,1,36.1,0,0.64,0,0
60,1.15,1,36.64,0,0.976,0,0
61,31.98,1,36.23,0,0.616,0,0
62,56.65,1,36.04,0,0.606,0,0
63,8.61,1,36.13,0,0.606,0,0
64,31.38,1,36.85,0,0.141,0,0
65,19.18,1,37.13,0,0.06,0,0
66,38.77,1,36.78,0,0.015,0,0
67,12.05,1,36.81,0,0.764,0,0
68,52.89,1,36.31,0,0.164,0,0
69,58.95,1,36.88,0,0.587,0,0
70,33.38,1,36.7,0,0.636,0,0
71,53.12,1,36.94,0,0.04,0,0
72,25.46,1,36.06,0,0.31,0,0
73,41.06,1,36.58,0,0.291,0,0
74,3.11,1,36.92,0,0.327,0,0
75,38.03,1,36.22,0,0.701,0,0
76,8.17,1,36.8,0,0.889,0,0
77,45.40,1,36.58,0,0.13,0,0
78,48.56,1,36.92,0,0.238,0,0
79,25.17,1,36.32,0,0.893,0,0
80,18.64,1,36.26,0,0.436,0,0
81,55.87,1,36.84,0,0.304,0,0
82,2.63,1,36.66,0,0.839,0,0
83,3.91,1,36.24,0,0.619,0,0
84,45.10,1,36.39,0,0.782,0,0
85,2.10,1,36.48,0,0.59,0,0
86,57.39,1,36.66,0,0.848,0,0
87,38.23,1,36.09,0,0.149,0,0
88,7.16,1,37.05,0,0.524,0,0
89,21.74,1,36.37,0,0.683,0,0
90,31.44,1,36.17,0,0.212,0,0
91,0.31,1,36.95,0,0.61,0,0
92,21.90,1,36.41,0,0.006,0,0
93,50.40,1,37.2,1,0.829,0,1
94,31.20,1,36.14,0,0.46,0,0
95,47.92,1,36.98,0,0.136,0,0
96,13.29,1,36.43,0,1,1,1
97,17.94,1,37,0,0.113,0,0
98,25.80,1,36.29,0,0.981,0,0
99,0.59,1,37.15,0,0.144,0,0
100,21.34,1,36.43,0,0.121,0,0
101,34.26,1,36.5,0,0.158,0,0
102,57.28,1,36.46,0,0.96,0,0
103,26.76,1,36.56,0,0.436,0,0
104,12.30,1,36.39,0,0.12,0,0
105,42.97,1,36.89,0,0.153,0,0
106,36.23,1,36.49,0,0.894,0,0
107,18.08,1,36.07,0,0.161,0,0
108,30.05,1,37.05,0,0.224,0,0
109,2.52,1,36.34,0,0.187,0,0
110,33.36,1,36.02,0,0.823,0,0
111,52.88,1,36.77,0,0.478,0,0
112,59.04,1,36.5,0,0.51,0,0
113,8.94,1,36.36,0,0.329,0,0
114,24.84,1,36.16,0,0.08,0,0
115,21.55,1,36.4,0,0.007,0,0
116,12.26,1,36.57,0,0.782,0,0
117,15.13,1,36.82,0,0.578,0,0
118,47.13,1,36.86,0,0.244,0,0
119,56.50,1,36.89,0,0.375,0,0
120,44.73,1,36.19,0,0.438,0,0
121,13.46,1,36.67,0,0.297,0,0
122,5.33,1,36.82,0,0.685,0,0
123,44.26,1,37.17,0,0.845,0,0
124,46.04,1,36.27,0,0.665,0,0
125,56.62,1,36.44,0,0.823,0,0
126,8.19,1,36.29,0,0.602,0,0
127,26.16,1,36.08,0,0.121,0,0
128,49.51,1,36.04,0,0.425,0,0
129,58.44,1,36.93,0,0.817,0,0
130,47.31,1,36.09,0,0.71,0,0
131,31.51,1,36.26,0,0.824,0,0
132,29.42,1,36.84,0,0.501,0,0
133,42.08,1,36.32,0,0.043,0,0
134,47.35,1,36.89,0,0.334,0,0
135,6.60,1,36.64,0,0.983,0,0
136,24.30,1,36.4,0,0.533,0,0
137,21.07,1,36.83,0,0.06,0,0
138,26.81,1,36.2,0,0.843,0,0
139,14.04,1,36.94,0,0.002,0,0
140,42.35,1,37.13,0,0.135,0,0
141,25.27,1,36.87,0,0.699,0,0
142,17.36,1,36.77,0,0.6,0,0
143,26.42,1,37.11,0,0.992,0,0
144,48.76,1,36,1,0.62,0,1
145,29.68,1,36.86,0,0.411,0,0
146,59.24,1,36.03,0,0.279,0,0
147,26.03,1,37.13,0,0.49,0,0
148,6.26,1,36.78,0,0.6,0,0
149,50.82,1,36.24,0,0.551,0,0
150,35.47,1,37.18,0,0.616,0,0
151,43.79,1,36.32,0,0.863,0,0
152,16.31,1,36.65,0,0.462,0,0
153,19.62,1,36.65,0,0.571,0,0
154,25.22,1,36.9,0,0.691,0,0
155,33.64,1,36.21,0,0.562,0,0
156,5.39,1,37.12,0,0.18,0,0
157,8.82,1,37.11,0,0.526,0,0
158,19.76,1,37.02,0,0.775,0,0
159,28.31,1,36.88,0,0.486,0,0
160,54.47,1,36.41,0,0.577,0,0
161,0.50,1,36.82,0,0.268,0,0
162,52.42,1,36.31,0,0.17,0,0
163,49.88,1,37.13,0,0.831,0,0
164,1.11,1,36.47,0,0.732,0,0
165,11.97,1,37.12,0,0.592,0,0
166,27.86,1,37.1,0,0.006,0,0
167,0.10,1,36.62,0,0.222,0,0
168,11.52,1,37.1,0,0.138,0,0
169,37.66,1,36.76,0,0.239,0,0
170,19.68,1,36.22,0,0.752,0,0
171,36.22,1,36.49,0,0.117,0,0
172,28.99,1,36.11,0,0.726,0,0
173,32.75,1,36.22,0,0.422,0,0
174,22.56,1,36.37,0,0.564,0,0
175,48.83,1,37.01,0,0.18,0,0
176,21.24,1,36.73,0,0.948,0,0
177,7.13,1,37.19,0,0.427,0,0
178,26.50,1,36.54,0,0.092,0,0
179,52.14,1,36.12,0,0.697,0,0
180,10.22,1,36.81,0,0.364,0,0
181,59.61,1,36.94,0,0.251,0,0
182,18.63,1,37.06,0,0.153,0,0
183,0.37,1,36.78,0,0.688,0,0
184,47.85,1,37.17,0,0.072,0,0
185,6.93,1,36.75,0,0.708,0,0
186,55.85,1,36.07,0,0.136,0,0
187,32.95,1,37.09,0,0.941,0,0
188,11.14,1,36.7,0,0.274,0,0
189,21.38,1,37.01,0,0.298,0,0
190,18.66,1,36.7,0,0.946,0,0
191,26.25,1,36.23,0,0.482,0,0
192,7.39,1,37.16,0,0.09,0,0
193,24.94,1,36.83,0,0.37,0,0
194,20.60,1,36.27,0,0.455,0,0
195,2.01,1,36.44,0,0.775,0,0
196,33.22,1,36.45,0,0.734,0,0
197,53.19,1,36.76,0,0.969,0,0
198,29.98,1,36.89,0,0.688,0,0
199,52.54,1,37.08,0,0.231,0,0
200,14.68,1,36.82,0,0.806,0,0
201,56.81,1,36.76,0,0.8,0,0
202,62.45,0,36.99,0,0.284,0,0
203,84.49,0,36.49,0,0.306,0,0
204,75.16,0,36.94,0,0.523,0,0
205,72.24,0,36.96,0,0.126,0,0
206,75.71,0,36.79,0,0.177,0,0
207,70.50,0,36.67,0,0.004,0,0
208,63.24,0,36.02,0,0.245,0,0
209,81.35,0,36.05,0,0.829,0,0
210,67.85,0,36.26,0,0.212,0,0
211,66.52,0,36.99,0,0.955,0,0
212,82.90,0,36.84,0,0.437,0,0
213,97.45,0,36.22,0,0,1,0
214,73.36,0,36.33,0,0.08,0,0
215,72.65,0,36.71,0,0.663,0,0
216,73.35,0,36.06,0,0.506,0,0
217,76.05,0,36.7,0,0.107,0,0
218,91.40,0,36.58,0,0.038,0,0
219,84.63,0,36,1,0.557,0,0
220,78.11,0,36.16,0,0.009,0,0
221,62.73,0,37.09,0,0.577,0,0
222,83.00,0,36.6,0,0.649,0,0
223,98.85,0,36.88,0,0.88,0,0
224,85.58,0,36.95,0,0.228,0,0
225,87.68,0,36.62,0,0.848,0,0
226,81.45,0,36.63,0,0.922,0,0
227,82.47,0,36.31,0,0.437,0,0
228,66.29,0,36.03,0,0.703,0,0
229,70.14,0,37.07,0,0.816,0,0
230,71.35,0,36.77,0,0.103,0,0
231,79.13,0,36.75,0,0.987,0,0
232,83.44,0,36.27,0,0.138,0,0
233,66.76,0,36.27,0,0.191,0,0
234,90.44,0,36.08,0,0.488,0,0
235,61.35,0,36.56,0,0.055,0,0
236,89.94,0,36.53,0,0.953,0,0
237,85.99,0,37,0,0.252,0,0
238,93.78,0,36.12,0,0.29,0,0
239,85.91,0,36.02,0,0.059,0,0
240,91.85,0,36.19,0,0.593,0,0
241,82.55,0,36.39,0,0.847,0,0
242,73.13,0,36.95,0,0.205,0,0
243,99.42,0,37.04,0,0.196,0,0
244,63.83,0,36.68,0,0.878,0,0
245,75.86,0,36.17,0,0.931,0,0
246,86.23,0,36.49,0,0.5,0,0
247,95.18,0,36.31,0,0.132,0,0
248,67.04,0,36.26,0,0.517,0,0
249,90.71,0,36.87,0,0.409,0,0
250,84.64,0,36.81,0,0.299,0,0
251,68.97,0,36.7,0,0.595,0,0
252,98.38,0,36.89,0,0.553,0,0
253,73.15,0,36.26,0,0.217,0,0
254,91.03,0,36.43,0,0.709,0,0
255,94.55,0,36.83,0,0.7,0,0
256,94.97,0,36.07,0,0.574,0,0
257,67.40,0,36.65,0,0.597,0,0
258,90.15,0,36.31,0,0.753,0,0
259,98.71,0,36.15,0,0.987,0,0
260,89.75,0,36.63,0,0.677,0,0
261,94.13,0,36.61,0,0.08,0,0
262,99.54,0,36.51,0,0.388,0,0
263,72.91,0,36.31,0,0.673,0,0
264,82.26,0,36.12,0,0.536,0,0
265,70.06,0,37.08,0,0.411,0,0
266,60.41,0,36.56,0,0.541,0,0
267,81.32,0,36.94,0,0.343,0,0
268,94.24,0,36.88,0,0.459,0,0
269,82.49,0,36.44,0,0.924,0,0
270,79.57,0,36.19,0,0.399,0,0
271,95.50,0,36.3,0,0.253,0,0
272,82.83,0,37.17,0,0.626,0,0
273,80.66,0,37.1,0,0.008,0,0
274,79.28,0,36.65,0,0.196,0,0
275,82.46,0,36.28,0,0.102,0,0
276,99.75,0,36.43,0,0.397,0,0
277,89.83,0,36.15,0,0.614,0,0
278,88.54,0,36.01,0,0.284,0,0
279,85.87,0,36.72,0,0.063,0,0
280,89.09,0,36.57,0,0.977,0,0
281,73.03,0,36.81,0,0.25,0,0
282,75.80,0,36.07,0,0.819,0,0
283,64.91,0,36.13,0,0.03,0,0
284,67.74,0,36.67,0,0.009,0,0
285,91.30,0,37.02,0,0.158,0,0
286,62.10,0,36.32,0,0.114,0,0
287,99.72,0,37.12,0,0.775,0,0
288,91.54,0,36.02,0,0.766,0,0
289,91.85,0,36.66,0,0.009,0,0
290,91.16,0,36.98,0,0.503,0,0
291,61.82,0,36.13,0,0.818,0,0
292,82.52,0,36.04,0,0.507,0,0
293,81.34,0,37.18,0,0.902,0,0
294,86.70,0,37.01,0,0.039,0,0
295,66.37,0,36.47,0,0.869,0,0
296,60.63,0,36.55,0,0.196,0,0
297,66.45,0,36.89,0,0.478,0,0
298,89.64,0,36.52,0,0.204,0,0
299,84.79,0,36.47,0,0.317,0,0
300,66.57,0,36.67,0,0.022,0,0
301,97.18,0,36.96,0,0.234,0,0
302,81.78,0,37.18,0,0.279,0,0
303,74.04,0,36.11,0,0.159,0,0
304,89.15,0,36.41,0,0.317,0,0
305,85.22,0,36.96,0,0.806,0,0
306,72.08,0,36.19,0,0.724,0,0
307,72.97,0,36.02,0,0.538,0,0
308,67.45,0,37.09,0,0.883,0,0
309,84.71,0,36.78,0,0.212,0,0
310,74.86,0,37.03,0,0.974,0,0
311,64.74,0,36.81,0,0.21,0,0
312,63.23,0,36.29,0,0.788,0,0
313,71.41,0,37.08,0,0.763,0,0
314,98.44,0,36.68,0,0.049,0,0
315,66.59,0,36.28,0,0.031,0,0
316,70.45,0,36.74,0,0.549,0,0
317,68.40,0,36.71,0,0.986,0,0
318,65.24,0,36.92,0,0.055,0,0
319,82.51,0,36.03,0,0.573,0,0
320,69.25,0,36.8,0,0.894,0,0
321,72.54,0,36.49,0,0.952,0,0
322,74.19,0,36.43,0,0.996,0,0
323,92.58,0,36.43,0,0.78,0,0
324,60.01,0,37.04,0,0.869,0,0
325,89.35,0,37.02,0,0.409,0,0
326,62.24,0,36.39,0,0.514,0,0
327,80.78,0,36.82,0,0.183,0,0
328,67.57,0,36.76,0,0.152,0,0
329,89.05,0,36.55,0,0.758,0,0
330,92.92,0,36.37,0,0.867,0,0
331,70.48,0,36.79,0,0.296,0,0
332,69.16,0,36.91,0,0.732,0,0
333,79.35,0,36.51,0,0.434,0,0
334,83.67,0,36.19,0,0.396,0,0
335,74.53,0,36.07,0,0.635,0,0
336,72.87,0,36.66,0,0.327,0,0
337,68.84,0,36.28,0,0.77,0,0
338,93.15,0,37.14,0,0.254,0,0
339,64.71,0,36.68,0,0.794,0,0
340,61.54,0,36.98,0,0.298,0,0
341,98.68,0,36.95,0,0.785,0,0
342,63.52,0,36.07,0,0.14,0,0
343,67.51,0,36.55,0,0.935,0,0
344,94.64,0,36.55,0,0.032,0,0
345,86.95,0,36.85,0,0.264,0,0
346,92.56,0,36.1,0,0.977,0,0
347,70.04,0,37.04,0,0.052,0,0
348,75.60,0,36,1,0.814,0,0
349,63.95,0,37.07,0,0.558,0,0
350,91.04,0,36.56,0,0.113,0,0
351,67.75,0,36.83,0,0.825,0,0
352,93.86,0,36.92,0,0.075,0,0
353,99.53,0,36.27,0,0.957,0,0
354,88.56,0,36.88,0,0.756,0,0
355,88.11,0,36.26,0,0.49,0,0
356,68.50,0,36.89,0,0.491,0,0
357,98.52,0,37.2,1,0.693,0,0
358,92.28,0,36.39,0,0.307,0,0
359,60.20,0,36.65,0,0.261,0,0
360,96.88,0,37.1,0,0.34,0,0
361,64.39,0,36.46,0,0.717,0,0
362,93.61,0,36.65,0,0.743,0,0
363,64.65,0,36.29,0,0.027,0,0
364,71.36,0,36.05,0,0.054,0,0
365,81.98,0,37.01,0,0.787,0,0
366,85.63,0,36.65,0,0.383,0,0
367,75.69,0,36.08,0,0.387,0,0
368,60.92,0,36.58,0,0.572,0,0
369,77.16,0,36.44,0,0.669,0,0
370,99.93,0,36.92,0,0.749,0,0
371,99.19,0,37.03,0,0.756,0,0
372,94.71,0,36.97,0,0.094,0,0
373,94.48,0,36.72,0,0.144,0,0
374,94.91,0,36.21,0,0.379,0,0
375,68.96,0,36.53,0,0.709,0,0
376,89.87,0,36.78,0,0.669,0,0
377,89.71,0,36.78,0,0.853,0,0
378,77.43,0,36.02,0,0.375,0,0
379,85.55,0,36.85,0,0.738,0,0
380,75.18,0,36.13,0,0.922,0,0
381,77.67,0,36.07,0,0.587,0,0
382,65.21,0,36.17,0,0.074,0,0
383,82.87,0,36.99,0,0.045,0,0
384,74.70,0,36.07,0,0.716,0,0
385,96.86,0,37.07,0,0.826,0,0
386,78.78,0,36.06,0,0.634,0,0
387,85.71,0,36.38,0,0.585,0,0
388,87.56,0,36.49,0,0.26,0,0
389,89.46,0,36.84,0,0.16,0,0
390,79.89,0,36.36,0,0.161,0,0
391,78.44,0,37.05,0,0.352,0,0
392,75.79,0,36.03,0,0.851,0,0
393,65.83,0,36.62,0,0.641,0,0
394,91.59,0,37.16,0,0.206,0,0
395,95.36,0,36.66,0,0.609,0,0
396,89.03,0,36.5,0,0.497,0,0
397,63.25,0,36.71,0,0.648,0,0
398,88.97,0,36.69,0,0.504,0,0
399,84.14,0,37.17,0,0.004,0,0
400,61.35,0,36.81,0,0.057,0,0
401,75.16,0,36.48,0,0.736,0,0
402,76.17,0,36.94,0,0.206,0,0
403,98.14,0,36.88,0,0.48,0,0
404,91.83,0,36.17,0,0.55,0,0
405,73.47,0,36.82,0,0.069,0,0
406,86.55,0,36.87,0,0.676,0,0
407,70.51,0,37,0,0.609,0,0
408,98.82,0,36.67,0,0.385,0,0
409,71.27,0,37.03,0,0.767,0,0
410,78.77,0,36.41,0,0.652,0,0
411,85.55,0,37.15,0,0.058,0,0
412,72.96,0,36.05,0,0.637,0,0
413,77.63,0,37.16,0,0.073,0,0
414,93.11,0,36.08,0,0.898,0,0
415,81.74,0,36.54,0,0.555,0,0
416,91.08,0,36.09,0,0.692,0,0
417,92.53,0,36.45,0,0.706,0,0
418,89.55,0,36.76,0,0.097,0,0
419,67.89,0,36.02,0,0.189,0,0
420,60.94,0,36.57,0,0.957,0,0
421,92.00,0,37.2,1,0.25,0,0
422,92.49,0,36.17,0,0.197,0,0
423,80.85,0,36.68,0,0.02,0,0
424,84.85,0,36.35,0,0.446,0,0
425,94.99,0,36.43,0,0.236,0,0
426,82.54,0,36.12,0,0.432,0,0
427,85.96,0,36.51,0,0.808,0,0
428,83.51,0,36.05,0,0.603,0,0
429,92.74,0,36.6,0,0.3,0,0
430,80.79,0,36.04,0,0.334,0,0
431,78.87,0,36.74,0,0.553,0,0
432,68.83,0,37.18,0,0.987,0,0
433,74.65,0,37.19,0,0.987,0,0
434,75.99,0,36.85,0,0.044,0,0
435,62.77,0,36.1,0,0.994,0,0
436,99.51,0,36.63,0,0.09,0,0
437,76.11,0,37.06,0,0.219,0,0
438,60.19,0,36.67,0,0.1,0,0
439,66.52,0,37.07,0,0.128,0,0
440,72.21,0,36.46,0,0.72,0,0
441,60.68,0,36.79,0,0.036,0,0
442,65.04,0,36.82,0,0.651,0,0
443,87.74,0,36.71,0,0.491,0,0
444,86.28,0,37.16,0,0.903,0,0
445,91.10,0,36.17,0,0.943,0,0
446,90.32,0,36.64,0,0.668,0,0
447,97.50,0,36.72,0,0.445,0,0
448,97.23,0,36.43,0,0.719,0,0
449,86.76,0,36.97,0,0.632,0,0
450,81.51,0,36.15,0,0.816,0,0
451,75.69,0,37.08,0,0.505,0,0
452,69.57,0,36.93,0,0.301,0,0
453,60.25,0,37.03,0,0.734,0,0
454,94.39,0,36.8,0,0.366,0,0
455,76.36,0,37.05,0,0.393,0,0
456,63.11,0,36.3,0,0.417,0,0
457,65.51,0,37.04,0,0.868,0,0
458,65.52,0,37.19,0,0.554,0,0
459,83.94,0,36.43,0,0.727,0,0
460,70.52,0,36.63,0,0.147,0,0
461,74.53,0,36.63,0,0.386,0,0
462,85.26,0,36.97,0,0.495,0,0
463,64.18,0,36.35,0,0.403,0,0
464,97.11,0,36.18,0,0.203,0,0
465,89.93,0,36.09,0,0.927,0,0
466,91.13,0,36.94,0,0.695,0,0
467,84.56,0,37.13,0,0.402,0,0
468,78.69,0,37,0,0.466,0,0
469,87.69,0,36.51,0,0.5,0,0
470,81.96,0,36.64,0,0.735,0,0
471,81.52,0,37.02,0,0.511,0,0
472,68.25,0,36.85,0,0.827,0,0
473,69.37,0,36.27,0,0.541,0,0
474,97.01,0,37.03,0,0.897,0,0
475,90.47,0,36.54,0,0.925,0,0
476,74.18,0,36.61,0,0.223,0,0
477,86.86,0,36.55,0,0.883,0,0
478,82.31,0,37.1,0,0.795,0,0
479,89.06,0,36.87,0,0.871,0,0
480,91.64,0,36.42,0,0.777,0,0
481,94.49,0,36.39,0,0.615,0,0
482,80.22,0,36.39,0,0.991,0,0
483,63.47,0,36.84,0,0.525,0,0
484,73.36,0,37,0,0.4,0,0
485,63.80,0,36.39,0,0.367,0,0
486,72.82,0,36,1,0.05,0,0
487,77.96,0,36.28,0,0.703,0,0
488,61.20,0,36.16,0,0.798,0,0
489,82.65,0,36.88,0,0.175,0,0
490,89.88,0,36.55,0,0.667,0,0
491,80.05,0,36.39,0,0.558,0,0
492,89.72,0,36.94,0,0.548,0,0
493,99.58,0,36.03,0,0.272,0,0
494,64.87,0,36.53,0,0.359,0,0
495,74.27,0,37.17,0,0.984,0,0
496,90.35,0,36.55,0,0.432,0,0
497,87.15,0,36.94,0,0.351,0,0
498,73.84,0,36.27,0,0.031,0,0
499,62.31,0,37.19,0,0.874,0,0
500,98.35,0,39.69,1,1.857,1,1
501,77.46,0,39.09,1,1.639,1,1
502,70.08,0,39.29,1,1.346,1,1
503,62.45,0,39.52,1,1.772,1,1
504,72.74,0,38.41,1,1.839,1,1
505,81.48,0,40.1,1,1.588,1,1
506,74.87,0,40.42,1,1.679,1,1
507,78.91,0,39.34,1,1.274,1,1
508,91.22,0,41.59,1,1.434,1,1
509,86.64,0,37.72,1,1.13,1,1
510,99.62,0,38.87,1,1.799,1,1
511,81.32,0,38.29,1,1.624,1,1
512,86.76,0,37.52,1,1.927,1,1
513,61.34,0,41.53,1,1.749,1,1
514,63.59,0,40.04,1,1.423,1,1
515,74.54,0,38.05,1,1.992,1,1
516,96.40,0,39.93,1,1.531,1,1
517,99.61,0,41.17,1,1.032,1,1
518,74.71,0,39.04,1,1.473,1,1
519,88.02,0,38.45,1,1.602,1,1
520,83.39,0,40.78,1,1.261,1,1
521,76.87,0,38.37,1,1.691,1,1
522,62.49,0,38.2,1,1.955,1,1
523,64.02,0,40.74,1,1.458,1,1
524,90.71,0,41.09,1,1.392,1,1
525,94.91,0,40.22,1,1.442,1,1
526,85.85,0,40.9,1,1.122,1,1
527,62.65,0,38.07,1,1.548,1,1
528,95.61,0,40.03,1,1.205,1,1
529,68.00,0,40.02,1,1.407,1,1
530,69.60,0,40.92,1,1.984,1,1
531,66.79,0,39.17,1,1.674,1,1
532,64.89,0,40.05,1,1.534,1,1
533,80.24,0,40.55,1,1.772,1,1
534,64.32,0,39.79,1,1.659,1,1
535,82.45,0,40.87,1,1.452,1,1
536,85.92,0,40.5,1,1.032,1,1
537,62.42,0,39.72,1,1.944,1,1
538,90.76,0,37.43,1,1.254,1,1
539,67.01,0,38.79,1,1.92,1,1
540,73.99,0,38.55,1,1.937,1,1
541,64.75,0,40.92,1,1.286,1,1
542,85.07,0,37.82,1,1.141,1,1
543,87.44,0,37.96,1,1.264,1,1
544,67.65,0,40.38,1,1.685,1,1
545,95.02,0,41.26,1,1.806,1,1
546,79.63,0,38.63,1,1.445,1,1
547,85.49,0,37.51,1,1.876,1,1
548,72.45,0,38.42,1,1.224,1,1
549,61.87,0,37.38,1,1.567,1,1
550,69.63,0,40.14,1,1.678,1,1
551,64.23,0,40.28,1,1.216,1,1
552,63.02,0,41.42,1,1.028,1,1
553,97.98,0,40.68,1,1.195,1,1
554,92.45,0,41.18,1,1.618,1,1
555,63.55,0,38.33,1,1.9,1,1
556,82.21,0,37.42,1,1.142,1,1
557,97.22,0,39.27,1,1.864,1,1
558,84.57,0,38.47,1,1.236,1,1
559,86.66,0,37.91,1,1.707,1,1
560,76.38,0,37.51,1,1.918,1,1
561,67.03,0,41.31,1,1.305,1,1
562,69.18,0,40.94,1,1.275,1,1
563,69.77,0,40.01,1,1.358,1,1
564,84.16,0,40.96,1,1.638,1,1
565,61.08,0,38.14,1,1.183,1,1
566,61.86,0,38.95,1,1.418,1,1
567,91.86,0,37.35,1,1.607,1,1
568,63.99,0,41.2,1,1.33,1,1
569,81.12,0,40.89,1,1.958,1,1
570,73.53,0,38.53,1,1.925,1,1
571,99.97,0,38.35,1,1.578,1,1
572,70.69,0,40.99,1,1.481,1,1
573,84.91,0,39.22,1,1.866,1,1
574,77.91,0,38.88,1,1.427,1,1
575,73.62,0,37.65,1,1.83,1,1
576,94.81,0,38.17,1,1.849,1,1
577,68.57,0,40.31,1,1.979,1,1
578,79.03,0,41.34,1,1.764,1,1
579,66.68,0,39.32,1,1.502,1,1
580,60.88,0,38.36,1,1.003,1,1
581,93.44,0,41.51,1,1.819,1,1
582,67.65,0,41.4,1,1.426,1,1
583,69.11,0,37.82,1,1.297,1,1
584,86.33,0,40.18,1,1.766,1,1
585,67.47,0,40.04,1,1.679,1,1
586,81.23,0,39.89,1,1.218,1,1
587,67.91,0,38.65,1,1.089,1,1
588,79.31,0,39.48,1,1.035,1,1
589,64.72,0,38.59,1,1.68,1,1
590,96.00,0,38.74,1,1.837,1,1
591,64.47,0,41.37,1,1.109,1,1
592,81.11,0,41.25,1,1.881,1,1
593,62.10,0,38.39,1,1.3,1,1
594,77.78,0,38.65,1,1.762,1,1
595,98.06,0,39.34,1,1.103,1,1
596,66.86,0,40.05,1,1.804,1,1
597,89.90,0,38.32,1,1.925,1,1
598,82.36,0,37.48,1,1.323,1,1
599,64.82,0,38.14,1,1.705,1,1
600,78.61,0,40.88,1,1.064,1,1
601,65.84,0,40.87,1,1.262,1,1
602,86.76,0,37.54,1,1.68,1,1
603,82.05,0,37.99,1,1.345,1,1
604,99.13,0,37.59,1,1.39,1,1
605,98.44,0,39.71,1,1.683,1,1
606,90.33,0,38.02,1,1.131,1,1
607,99.88,0,40.67,1,1.68,1,1
608,79.32,0,40.82,1,1.182,1,1
609,99.41,0,40.7,1,1.106,1,1
610,80.34,0,41.45,1,1.576,1,1
611,77.01,0,38.51,1,1.789,1,1
612,60.30,0,37.68,1,1.684,1,1
613,67.31,0,38.9,1,1.424,1,1
614,93.44,0,39.09,1,1.431,1,1
615,72.22,0,40.88,1,1.122,1,1
616,71.69,0,41.04,1,1.819,1,1
617,82.51,0,41.45,1,1.305,1,1
618,68.38,0,38.03,1,1.423,1,1
619,99.25,0,40.79,1,1.44,1,1
620,72.05,0,40.92,1,1.788,1,1
621,80.19,0,38.39,1,1.978,1,1
622,79.53,0,39.5,1,1.214,1,1
623,85.83,0,38.62,1,1.378,1,1
624,76.08,0,39.58,1,1.735,1,1
625,88.80,0,39.02,1,1.741,1,1
626,89.18,0,41.25,1,1.72,1,1
627,77.40,0,39.33,1,1.939,1,1
628,70.73,0,39.95,1,1.853,1,1
629,93.12,0,39.73,1,1.474,1,1
630,61.30,0,39.5,1,1.014,1,1
631,66.34,0,38.55,1,1.147,1,1
632,81.02,0,39.76,1,1.142,1,1
633,70.01,0,38.04,1,1.092,1,1
634,96.29,0,39.32,1,1.12,1,1
635,96.85,0,41.38,1,1.362,1,1
636,97.40,0,41.3,1,1.934,1,1
637,77.79,0,39.64,1,1.574,1,1
638,76.91,0,39.4,1,1.949,1,1
639,97.06,0,39.41,1,1.811,1,1
640,70.10,0,37.75,1,1.273,1,1
641,94.04,0,40.61,1,1.899,1,1
642,93.46,0,37.52,1,1.614,1,1
643,70.73,0,39.14,1,1.19,1,1
644,84.45,0,38.38,1,1.552,1,1
645,88.02,0,40.61,1,1.323,1,1
646,96.59,0,40.57,1,1.588,1,1
647,91.19,0,38.68,1,1.242,1,1
648,82.80,0,38.93,1,1.595,1,1
649,93.27,0,40.01,1,1.943,1,1
650,97.00,0,39.27,1,1.476,1,1
651,99.49,0,39.86,1,1.746,1,1
652,80.36,0,38.44,1,1.572,1,1
653,95.32,0,38.53,1,1.697,1,1
654,78.61,0,39.04,1,1.536,1,1
655,73.79,0,39.01,1,1.982,1,1
656,91.12,0,38.09,1,1.633,1,1
657,69.34,0,39.64,1,1.731,1,1
658,99.53,0,38.32,1,1.542,1,1
659,65.69,0,38.26,1,1.179,1,1
660,68.60,0,38.04,1,1.143,1,1
661,97.38,0,41.35,1,1.965,1,1
662,92.02,0,38.69,1,1.455,1,1
663,76.82,0,41.39,1,1.089,1,1
664,63.72,0,41.15,1,1.005,1,1
665,79.29,0,38.99,1,1.711,1,1
666,98.31,0,39.99,1,1.433,1,1
667,70.95,0,38.22,1,1.095,1,1
668,68.19,0,39.76,1,1.129,1,1
669,95.01,0,40.06,1,1.07,1,1
670,88.82,0,37.71,1,1.704,1,1
671,90.37,0,40.51,1,1.085,1,1
672,82.73,0,38.12,1,1.425,1,1
673,94.42,0,39.98,1,1.977,1,1
674,88.41,0,38.16,1,1.27,1,1
675,72.96,0,40.36,1,1.494,1,1
676,90.01,0,39.08,1,1.165,1,1
677,66.47,0,39.55,1,1.055,1,1
678,90.12,0,38.31,1,1.393,1,1
679,67.98,0,41.32,1,1.007,1,1
680,65.21,0,39.7,1,1.229,1,1
681,82.37,0,37.33,1,1.065,1,1
682,80.37,0,40.84,1,1.079,1,1
683,74.62,0,37.46,1,1.228,1,1
684,95.39,0,39.99,1,1.008,1,1
685,80.11,0,39.51,1,1.733,1,1
686,91.30,0,37.66,1,1.991,1,1
687,94.26,0,37.49,1,1.15,1,1
688,67.10,0,41.03,1,1.71,1,1
689,75.28,0,37.65,1,1.802,1,1
690,80.84,0,41.31,1,1.118,1,1
691,93.70,0,38.68,1,1.014,1,1
692,96.67,0,39.53,1,1.696,1,1
693,62.58,0,38.88,1,1.759,1,1
694,89.55,0,38.16,1,1.822,1,1
695,80.36,0,38.97,1,1.31,1,1
696,60.30,0,38.56,1,1.862,1,1
697,80.84,0,37.9,1,1.886,1,1
698,90.13,0,37.68,1,1.316,1,1
699,69.27,0,39.93,1,1.87,1,1
700,72.52,0,41.53,1,1.154,1,1
701,149.81,1,38.09,1,1.518,1,1
702,161.34,1,40.87,1,1.325,1,1
703,128.70,1,41.03,1,1.859,1,1
704,177.75,1,38.59,1,1.59,1,1
705,106.26,1,37.8,1,1.161,1,1
706,158.08,1,40.62,1,1.998,1,1
707,169.95,1,40.34,1,1.127,1,1
708,145.36,1,41.24,1,1.54,1,1
709,159.15,1,38.62,1,1.189,1,1
710,113.34,1,39.45,1,1.319,1,1
711,111.56,1,40.65,1,1.909,1,1
712,169.68,1,37.45,1,1.518,1,1
713,160.70,1,40.17,1,1.157,1,1
714,153.09,1,37.87,1,1.826,1,1
715,106.87,1,41.36,1,1.592,1,1
716,103.29,1,37.77,1,1.515,1,1
717,167.10,1,38.7,1,1.729,1,1
718,160.17,1,39.23,1,1.076,1,1
719,111.23,1,39.46,1,1.621,1,1
720,170.58,1,39.07,1,1.816,1,1
721,131.82,1,38.4,1,1.049,1,1
722,130.00,1,40.81,1,1.791,1,1
723,142.53,1,40.45,1,1.756,1,1
724,137.54,1,37.67,1,1.112,1,1
725,122.13,1,40.13,1,1.258,1,1
726,128.77,1,37.5,1,1.17,1,1
727,121.92,1,40.6,1,1.224,1,1
728,172.90,1,39.05,1,1.808,1,1
729,115.22,1,40.05,1,1.719,1,1
730,172.06,1,38.09,1,1.713,1,1
731,177.71,1,40.43,1,1.661,1,1
732,106.82,1,39.69,1,1.995,1,1
733,136.71,1,41.35,1,1.311,1,1
734,142.18,1,37.79,1,1.246,1,1
735,111.92,1,38.82,1,1.653,1,1
736,103.99,1,38.04,1,1.924,1,1
737,179.06,1,37.35,1,1.634,1,1
738,106.95,1,38.11,1,1.28,1,1
739,123.87,1,40.54,1,1.404,1,1
740,134.48,1,38.05,1,1.969,1,1
741,176.26,1,38.74,1,1.433,1,1
742,155.93,1,41.31,1,1.276,1,1
743,151.89,1,40.51,1,1.851,1,1
744,100.76,1,38.03,1,1.935,1,1
745,105.97,1,41,1,1.505,1,1
746,118.33,1,37.63,1,1.04,1,1
747,179.03,1,38.63,1,1.563,1,1
748,133.38,1,38.82,1,1,1,1
749,113.86,1,39.93,1,1.09,1,1
750,177.49,1,39.37,1,1.306,1,1
751,163.21,1,37.32,1,1.465,1,1
752,141.95,1,39.84,1,1.353,1,1
753,138.74,1,39.49,1,1.597,1,1
754,151.70,1,39.96,1,1.228,1,1
755,148.86,1,41.23,1,1.816,1,1
756,179.93,1,40.79,1,1.171,1,1
757,118.76,1,39.28,1,1.677,1,1
758,162.66,1,38.98,1,1.302,1,1
759,112.29,1,41.54,1,1.281,1,1
760,113.33,1,41,1,1.541,1,1
761,108.54,1,39.46,1,1.635,1,1
762,127.61,1,38.74,1,1.632,1,1
763,124.97,1,40.06,1,1.872,1,1
764,115.86,1,37.66,1,1.15,1,1
765,144.13,1,40.2,1,1.636,1,1
766,171.92,1,39.64,1,1.393,1,1
767,177.06,1,39.49,1,1.461,1,1
768,147.27,1,40.79,1,1.876,1,1
769,102.22,1,38.24,1,1.507,1,1
770,126.34,1,38.62,1,1.483,1,1
771,165.29,1,40.43,1,1.417,1,1
772,142.15,1,39.08,1,1.144,1,1
773,144.82,1,37.7,1,1.867,1,1
774,179.23,1,39.96,1,1.04,1,1
775,103.27,1,38.74,1,1.328,1,1
776,146.51,1,37.77,1,1.947,1,1
777,165.31,1,40.77,1,1.641,1,1
778,110.13,1,39.81,1,1.046,1,1
779,155.12,1,39.91,1,1.705,1,1
780,141.36,1,39.85,1,1.456,1,1
781,140.72,1,37.61,1,1.421,1,1
782,110.53,1,37.72,1,1.618,1,1
783,161.11,1,39.08,1,1.345,1,1
784,108.09,1,37.45,1,1.96,1,1
785,146.86,1,40.08,1,1.842,1,1
786,154.29,1,41.25,1,1.651,1,1
787,110.94,1,37.54,1,1.741,1,1
788,173.59,1,38.72,1,1.443,1,1
789,161.86,1,40.09,1,1.995,1,1
790,113.65,1,37.93,1,1.095,1,1
791,142.66,1,41.2,1,1.185,1,1
792,117.59,1,38.25,1,1.639,1,1
793,173.26,1,37.39,1,1.493,1,1
794,105.24,1,39.98,1,1.514,1,1
795,120.32,1,39.39,1,1.065,1,1
796,158.83,1,38.31,1,1.546,1,1
797,160.33,1,40.79,1,1.703,1,1
798,167.58,1,38.69,1,1.604,1,1
799,121.62,1,41.4,1,1.53,1,1
800,144.17,1,32.03,1,1.32,1,1
801,159.92,1,35.63,1,1.417,1,1
802,115.58,1,28.83,1,1.938,1,1
803,151.44,1,34.09,1,1.737,1,1
804,167.22,1,34.81,1,1.077,1,1
805,113.34,1,29.93,1,1.939,1,1
806,102.23,1,30.28,1,1.129,1,1
807,127.21,1,33.77,1,1.318,1,1
808,176.54,1,28.9,1,1.665,1,1
809,104.18,1,30.5,1,1.459,1,1
810,121.03,1,33.49,1,1.759,1,1
811,127.26,1,31.79,1,1.94,1,1
812,125.59,1,29.57,1,1.467,1,1
813,170.59,1,32.37,1,1.831,1,1
814,162.51,1,31.3,1,1.089,1,1
815,171.94,1,31.34,1,1.115,1,1
816,108.92,1,28.25,1,1.218,1,1
817,138.14,1,31.49,1,1.493,1,1
818,128.69,1,30.57,1,1.843,1,1
819,117.56,1,30.06,1,1.071,1,1
820,102.74,1,34,1,1.785,1,1
821,168.94,1,34.01,1,1.011,1,1
822,114.54,1,29.74,1,1.262,1,1
823,154.56,1,31.55,1,1.441,1,1
824,106.54,1,31.34,1,1.321,1,1
825,178.22,1,33.08,1,1.947,1,1
826,135.33,1,32.6,1,1.121,1,1
827,121.08,1,29.58,1,1.158,1,1
828,144.08,1,32.29,1,1.173,1,1
829,128.09,1,31.9,1,1.157,1,1
830,130.51,1,31,1,1.818,1,1
831,171.06,1,34.48,1,1.964,1,1
832,154.09,1,31.98,1,1.29,1,1
833,151.73,1,30.48,1,1.043,1,1
834,158.81,1,33.13,1,1.366,1,1
835,106.06,1,28.23,1,1.661,1,1
836,173.19,1,30.88,1,1.46,1,1
837,133.01,1,35.28,1,1.869,1,1
838,148.88,1,31.33,1,1.847,1,1
839,137.03,1,31.85,1,1.105,1,1
840,145.09,1,32.36,1,1.617,1,1
841,102.40,1,32.89,1,1.932,1,1
842,108.82,1,28.03,1,1.171,1,1
843,115.89,1,32.42,1,1.846,1,1
844,176.74,1,34.81,1,1.256,1,1
845,105.64,1,30.1,1,1.194,1,1
846,162.58,1,31.28,1,1.906,1,1
847,119.10,1,35.81,1,1.653,1,1
848,126.29,1,28.05,1,1.229,1,1
849,165.85,1,33.64,1,1.233,1,1
850,160.61,1,28.07,1,1.266,1,1
851,108.21,1,28.4,1,1.716,1,1
852,157.87,1,28.99,1,1.298,1,1
853,160.01,1,30.41,1,1.795,1,1
854,156.05,1,33.18,1,1.474,1,1
855,107.36,1,29.32,1,1.389,1,1
856,170.87,1,33.43,1,1.3,1,1
857,115.44,1,34.31,1,1.642,1,1
858,148.16,1,34.66,1,1.796,1,1
859,150.18,1,28.83,1,1.535,1,1
860,100.74,1,34.12,1,1.647,1,1
861,177.02,1,32.31,1,1.232,1,1
862,111.29,1,30.37,1,1.582,1,1
863,128.48,1,30.1,1,1.884,1,1
864,146.87,1,33.42,1,1.359,1,1
865,120.47,1,32.24,1,1.297,1,1
866,127.27,1,35.64,1,1.701,1,1
867,146.74,1,34.9,1,1.263,1,1
868,136.62,1,31.22,1,1.809,1,1
869,128.42,1,30.8,1,1.758,1,1
870,130.77,1,32.63,1,1.139,1,1
871,176.12,1,33.77,1,1.442,1,1
872,154.20,1,35.62,1,1.351,1,1
873,145.24,1,35.43,1,1.784,1,1
874,170.57,1,29.49,1,1.883,1,1
875,156.66,1,29.26,1,1.57,1,1
876,168.38,1,33.09,1,1.112,1,1
877,109.69,1,32.11,1,1.012,1,1
878,110.84,1,34.61,1,1.681,1,1
879,151.93,1,29.72,1,1.23,1,1
880,178.23,1,33.42,1,1.679,1,1
881,117.97,1,32.91,1,1.675,1,1
882,170.17,1,28.32,1,1.348,1,1
883,104.66,1,35.78,1,1.778,1,1
884,152.87,1,33.39,1,1.953,1,1
885,101.89,1,28.01,1,1.722,1,1
886,134.40,1,35.42,1,1.176,1,1
887,174.35,1,28.82,1,1.428,1,1
888,104.07,1,31.79,1,1.087,1,1
889,141.24,1,29.03,1,1.784,1,1
890,160.03,1,28.91,1,1.425,1,1
891,168.52,1,28.05,1,1.861,1,1
892,176.56,1,35.18,1,1.675,1,1
893,115.50,1,32.19,1,1.508,1,1
894,107.13,1,31.77,1,1.076,1,1
895,166.53,1,31.95,1,1.492,1,1
896,141.28,1,31.93,1,1.104,1,1
897,157.44,1,30.23,1,1.673,1,1
898,103.99,1,30.96,1,1.44,1,1
899,140.34,1,31.89,1,1.13,1,1
900,150.97,1,34.7,1,1.209,1,1
901,116.30,1,28.82,1,1.124,1,1
902,105.14,1,28.91,1,1.636,1,1
903,156.15,1,35.46,1,1.509,1,1
904,135.98,1,31.31,1,1.752,1,1
905,151.55,1,31.52,1,1.034,1,1
906,114.37,1,30.97,1,1.321,1,1
907,142.63,1,35.77,1,1.308,1,1
908,133.99,1,28.1,1,1.637,1,1
909,144.10,1,29.99,1,1.437,1,1
910,157.91,1,28.55,1,1.339,1,1
911,147.79,1,31.88,1,1.215,1,1
912,118.32,1,30.85,1,1.61,1,1
913,144.94,1,29.31,1,1.496,1,1
914,137.10,1,31.31,1,1.116,1,1
915,115.35,1,30.61,1,1.647,1,1
916,135.94,1,35.58,1,1.376,1,1
917,107.51,1,32.88,1,1.682,1,1
918,106.30,1,33.6,1,1.64,1,1
919,170.24,1,34.26,1,1.089,1,1
920,117.20,1,28.45,1,1.06,1,1
921,107.07,1,35.87,1,1.09,1,1
922,174.83,1,31.71,1,1.539,1,1
923,128.30,1,35.08,1,1.002,1,1
924,145.20,1,35.57,1,1.393,1,1
925,103.50,1,31.7,1,1.456,1,1
926,172.08,1,34.22,1,1.638,1,1
927,159.19,1,28.12,1,1.919,1,1
928,104.07,1,33.7,1,1.456,1,1
929,125.40,1,29.7,1,1.298,1,1
930,111.16,1,28.08,1,1.206,1,1
931,132.75,1,35.79,1,1.357,1,1
932,171.96,1,30.91,1,1.934,1,1
933,125.80,1,34.86,1,1.304,1,1
934,110.20,1,29.49,1,1.761,1,1
935,146.95,1,30.03,1,1.209,1,1
936,169.49,1,31.94,1,1.751,1,1
937,125.80,1,35.69,1,1.64,1,1
938,179.12,1,29.18,1,1.671,1,1
939,152.25,1,28.92,1,1.398,1,1
940,150.38,1,28.17,1,1.346,1,1
941,134.98,1,29.57,1,1.004,1,1
942,128.45,1,32.41,1,1.19,1,1
943,111.90,1,32.84,1,1.832,1,1
944,132.96,1,35.87,1,1.152,1,1
945,162.70,1,35.18,1,1.555,1,1
946,130.93,1,33.29,1,1.408,1,1
947,159.36,1,30.24,1,1.633,1,1
948,178.82,1,30.95,1,1.654,1,1
949,134.86,1,31.17,1,1.779,1,1
950,164.36,1,28.39,1,1.755,1,1
951,107.55,1,30.91,1,1.192,1,1
952,141.45,1,32.45,1,1.584,1,1
953,110.98,1,34.91,1,1.632,1,1
954,155.92,1,30.12,1,1.255,1,1
955,126.75,1,29.27,1,1.474,1,1
956,115.88,1,29.16,1,1.06,1,1
957,128.16,1,34.33,1,1.87,1,1
958,178.70,1,35.07,1,1.973,1,1
959,110.71,1,29.85,1,1.03,1,1
960,160.95,1,29.86,1,1.681,1,1
961,165.91,1,29.16,1,1.501,1,1
962,114.17,1,31.81,1,1.031,1,1
963,143.67,1,35.81,1,1.715,1,1
964,145.92,1,28.49,1,1.377,1,1
965,143.36,1,35.17,1,1.741,1,1
966,140.11,1,35.51,1,1.631,1,1
967,138.66,1,30.06,1,1.561,1,1
968,115.54,1,33.87,1,1.894,1,1
969,103.94,1,29.63,1,1.727,1,1
970,118.11,1,29.14,1,1.748,1,1
971,167.28,1,31.4,1,1.553,1,1
972,170.05,1,34.03,1,1.579,1,1
973,176.61,1,32.95,1,1.603,1,1
974,139.49,1,31.85,1,1.882,1,1
975,151.17,1,28.92,1,1.255,1,1
976,141.73,1,35.57,1,1.215,1,1
977,156.41,1,31.43,1,1.549,1,1
978,159.18,1,34.43,1,1.37,1,1
979,170.73,1,31.12,1,1.775,1,1
980,134.24,1,31.59,1,1.88,1,1
981,149.09,1,29.59,1,1.274,1,1
982,118.83,1,31.08,1,1.484,1,1
983,102.53,1,35.71,1,1.683,1,1
984,144.73,1,33.39,1,1.268,1,1
985,132.70,1,35.54,1,1.241,1,1
986,100.49,1,31.67,1,1.397,1,1
987,106.87,1,30.08,1,1.21,1,1
988,137.63,1,29.31,1,1.528,1,1
989,139.16,1,29.08,1,1.079,1,1
990,133.29,1,33.84,1,1.492,1,1
991,112.98,1,34.66,1,1.738,1,1
992,106.25,1,31.69,1,1.836,1,1
993,141.15,1,28.46,1,1.001,1,1
994,166.65,1,31.61,1,1.257,1,1
995,172.46,1,34.06,1,1.51,1,1
996,174.06,1,28.04,1,1.508,1,1
997,106.94,1,30.05,1,1.541,1,1
998,161.51,1,34.14,1,1.819,1,1
999,136.40,1,31.12,1,1.444,1,1
1000,129.73,1,31.4,1,1.328,1,1