TRIAL,HR,HRFLAG,TEMP,TEMPFLAG,EDA,EDAFLAG,FINALFLAG
1,39.68,1,36.45,0,0.371,0,0
2,37.63,1,36.94,0,0.426,0,0
3,12.05,1,36.89,0,0.966,0,0
4,20.04,1,36.34,0,0.628,0,0
5,37.36,1,36.04,0,0.314,0,0
6,14.36,1,36.06,0,0.466,0,0
7,51.17,1,37.07,0,0.408,0,0
8,13.11,1,36.65,0,0.233,0,0
9,52.27,1,36.63,0,0.389,0,0
10,45.92,1,36.79,0,0.136,0,0
11,46.94,1,36.55,0,0.336,0,0
12,7.93,1,36.86,0,0.64,0,0
13,48.01,1,36.29,0,0.511,0,0
14,18.18,1,36.92,0,0.81,0,0
15,57.23,1,36.96,0,0.964,0,0
16,57.13,1,37.03,0,0.108,0,0
17,8.82,1,36.04,0,0.786,0,0
18,50.76,1,36.34,0,0.656,0,0
19,16.33,1,36.41,0,0.326,0,0
20,11.55,1,36.41,0,0.056,0,0
21,36.41,1,36.63,0,0.213,0,0
22,14.43,1,36.64,0,0.846,0,0
23,58.95,1,36.82,0,0.843,0,0
24,40.81,1,36.59,0,0.833,0,0
25,23.69,1,36.01,0,0.355,0,0
26,31.96,1,37.18,0,0.266,0,0
27,3.93,1,36.39,0,0.657,0,0
28,19.24,1,36.83,0,0.202,0,0
29,19.10,1,36.03,0,0.504,0,0
30,19.34,1,36.11,0,0.253,0,0
31,7.26,1,36.39,0,0.468,0,0
32,55.15,1,36.31,0,0.733,0,0
33,59.85,1,36.17,0,0.941,0,0
34,38.12,1,36.12,0,0.532,0,0
35,37.06,1,37.07,0,0.939,0,0
36,43.80,1,36.88,0,0.019,0,0
37,22.06,1,37,0,0.488,0,0
38,30.81,1,36.64,0,0.62,0,0
39,0.85,1,37.19,0,0.524,0,0
40,59.97,1,36.83,0,0.342,0,0
41,22.33,1,36.68,0,0.242,0,0
42,40.15,1,36.32,0,0.425,0,0
43,24.44,1,36.45,0,0.753,0,0
44,4.71,1,36.45,0,0.625,0,0
45,20.44,1,36.31,0,0.768,0,0
46,27.68,1,37.02,0,0.038,0,0
47,21.23,1,36.61,0,0.996,0,0
48,50.63,1,36.96,0,0.497,0,0
49,25.95,1,36.6,0,0.185,0,0
50,59.05,1,36.29,0,0.311,0,0
51,50.64,1,36.08,0,0.435,0,0
52,51.16,1,36.26,0,0.109,0,0
53,13.31,1,37,0,0.684,0,0
54,31.11,1,37.13,0,0.236,0,0
55,2.88,1,36.68,0,0.786,0,0
56,57.95,1,36,1,0.58,0,1
57,2.63,1,36.05,0,0.23,0,0
58,13.06,1,36.34,0,0.141,0,0
59,22.87,1,37.04,0,0.295,0,0
60,37.37,1,36.25,0,0.997,0,0
61,57.45,1,36.02,0,0.86,0,0
62,10.11,1,36.69,0,0.327,0,0
63,50.25,1,36.15,0,0.19,0,0
64,49.01,1,36.67,0,0.368,0,0
65,55.28,1,36.33,0,0.767,0,0
66,26.47,1,36.15,0,0.381,0,0
67,21.74,1,36.96,0,0.963,0,0
68,11.62,1,36.61,0,0.14,0,0
69,29.65,1,36.15,0,0.672,0,0
70,16.22,1,37.2,1,0.423,0,1
71,16.82,1,36.22,0,0.958,0,0
72,34.37,1,37.13,0,0.2,0,0
73,19.75,1,36.28,0,0.809,0,0
74,57.02,1,36,1,0.836,0,1
75,5.58,1,36.71,0,0.6,0,0
76,12.75,1,36.57,0,0.785,0,0
77,49.93,1,36.82,0,0.131,0,0
78,51.80,1,36.3,0,0.534,0,0
79,52.77,1,36.81,0,0.537,0,0
80,38.35,1,36.42,0,0.918,0,0
81,30.90,1,37.04,0,0.973,0,0
82,23.70,1,36.74,0,0.04,0,0
83,10.89,1,36.46,0,0.432,0,0
84,20.22,1,36.44,0,0.869,0,0
85,3.03,1,36.89,0,0.893,0,0
86,20.97,1,36.38,0,0.231,0,0
87,11.97,1,36.98,0,0.665,0,0
88,5.08,1,36.48,0,0.769,0,0
89,16.96,1,36.94,0,0.917,0,0
90,11.83,1,36.93,0,0.694,0,0
91,50.16,1,36.38,0,0.006,0,0
92,18.45,1,36.26,0,0.643,0,0
93,4.71,1,36.06,0,0.809,0,0
94,26.11,1,37.08,0,0.671,0,0
95,20.30,1,36.81,0,0.139,0,0
96,55.75,1,37.05,0,0.429,0,0
97,50.67,1,36.76,0,0.712,0,0
98,44.06,1,37.16,0,0.967,0,0
99,45.12,1,36.92,0,0.467,0,0
100,4.80,1,36.28,0,0.469,0,0
101,6.52,1,37.2,1,0.845,0,1
102,54.34,1,36.66,0,0.226,0,0
103,36.85,1,36.61,0,0.569,0,0
104,49.96,1,36.33,0,0.036,0,0
105,0.84,1,36.45,0,0.058,0,0
106,43.51,1,36.29,0,0.647,0,0
107,46.48,1,37.01,0,0.09,0,0
108,27.70,1,36.82,0,0.18,0,0
109,57.25,1,37.16,0,0.894,0,0
110,49.53,1,36.53,0,0.525,0,0
111,13.80,1,36.02,0,0.253,0,0
112,23.60,1,36.05,0,1,1,1
113,47.33,1,36.61,0,0.546,0,0
114,22.95,1,36.61,0,0.221,0,0
115,43.35,1,36.16,0,0.311,0,0
116,24.42,1,37.07,0,0.143,0,0
117,13.46,1,36.65,0,0.426,0,0
118,7.94,1,37.16,0,0.81,0,0
119,17.77,1,36.67,0,0.983,0,0
120,12.92,1,36.77,0,0.831,0,0
121,5.44,1,36.71,0,0.554,0,0
122,45.33,1,36.37,0,0.555,0,0
123,39.86,1,36.69,0,0.032,0,0
124,14.72,1,37.15,0,0.757,0,0
125,8.66,1,37.07,0,0.653,0,0
126,7.53,1,36.13,0,0.976,0,0
127,53.65,1,36.37,0,0.904,0,0
128,43.08,1,36.61,0,0.181,0,0
129,53.68,1,36.83,0,0.411,0,0
130,12.78,1,36.52,0,0.882,0,0
131,34.02,1,36.9,0,0.478,0,0
132,46.03,1,36.72,0,0.646,0,0
133,0.30,1,36.28,0,0.293,0,0
134,58.03,1,37.06,0,0.695,0,0
135,41.52,1,36.7,0,0.415,0,0
136,27.45,1,36.18,0,0.591,0,0
137,45.68,1,36.62,0,0.528,0,0
138,5.11,1,37.1,0,0.627,0,0
139,39.85,1,37.11,0,0.878,0,0
140,57.48,1,36.45,0,0.665,0,0
141,22.55,1,36.12,0,0.035,0,0
142,5.61,1,36.42,0,0.303,0,0
143,2.09,1,37.16,0,0.806,0,0
144,7.46,1,36.87,0,0.217,0,0
145,34.20,1,36.25,0,0.49,0,0
146,49.49,1,36.4,0,0.59,0,0
147,54.02,1,36.5,0,0.617,0,0
148,18.51,1,36.34,0,0.365,0,0
149,47.38,1,36.84,0,0.245,0,0
150,34.54,1,36.59,0,0.011,0,0
151,1.52,1,36.27,0,0.41,0,0
152,22.95,1,36.18,0,0.673,0,0
153,13.79,1,36.98,0,0.403,0,0
154,3.72,1,36.81,0,0.381,0,0
155,16.02,1,36.17,0,0.362,0,0
156,18.20,1,36.61,0,0.264,0,0
157,31.47,1,36.89,0,0.078,0,0
158,4.10,1,37.09,0,0.052,0,0
159,1.86,1,36.7,0,0.238,0,0
160,25.40,1,37.09,0,0.513,0,0
161,50.98,1,36.76,0,0.736,0,0
162,47.48,1,37.1,0,0.316,0,0
163,48.68,1,36.15,0,0.698,0,0
164,25.36,1,36.34,0,0.021,0,0
165,48.39,1,36.97,0,0.396,0,0
166,20.89,1,37.16,0,0.189,0,0
167,12.19,1,37.16,0,0.781,0,0
168,47.72,1,37.01,0,0.425,0,0
169,35.58,1,36.95,0,0.093,0,0
170,42.16,1,36.86,0,0.241,0,0
171,45.37,1,36.81,0,0.259,0,0
172,5.75,1,37.04,0,0.044,0,0
173,47.99,1,36.49,0,0.074,0,0
174,30.39,1,36.39,0,0.908,0,0
175,56.84,1,36.45,0,0.009,0,0
176,50.58,1,36.66,0,0.767,0,0
177,11.19,1,37.06,0,0.023,0,0
178,45.26,1,36.13,0,0.446,0,0
179,23.88,1,36.83,0,0.439,0,0
180,36.75,1,36.94,0,0.297,0,0
181,35.78,1,36.51,0,0.379,0,0
182,29.99,1,36.73,0,0.758,0,0
183,42.19,1,36.66,0,0.748,0,0
184,51.11,1,37.12,0,0.839,0,0
185,34.96,1,36.82,0,0.036,0,0
186,38.94,1,36.59,0,0.367,0,0
187,57.31,1,36.07,0,0.982,0,0
188,46.08,1,36.71,0,0.739,0,0
189,14.55,1,36.31,0,0.02,0,0
190,2.23,1,36.81,0,0.325,0,0
191,28.85,1,36.97,0,0.573,0,0
192,54.18,1,37.11,0,0.158,0,0
193,48.64,1,37.02,0,0.77,0,0
194,40.76,1,36.52,0,0.385,0,0
195,12.23,1,37.11,0,0.291,0,0
196,25.87,1,36.3,0,0.776,0,0
197,18.98,1,36.7,0,0.583,0,0
198,27.59,1,36.17,0,0.405,0,0
199,48.04,1,36.62,0,0.739,0,0
200,37.65,1,36.58,0,0.429,0,0
201,27.62,1,37.14,0,0.213,0,0
202,93.66,0,36.82,0,0.832,0,0
203,67.81,0,36.1,0,0.113,0,0
204,74.40,0,36.21,0,0.562,0,0
205,82.02,0,36.08,0,0.685,0,0
206,86.83,0,36.42,0,0.916,0,0
207,75.51,0,36.66,0,0.688,0,0
208,66.49,0,37.18,0,0.298,0,0
209,87.04,0,36.35,0,0.675,0,0
210,67.96,0,36.64,0,0.1,0,0
211,79.36,0,36.02,0,0.902,0,0
212,79.34,0,36.28,0,0.794,0,0
213,84.92,0,36.43,0,0.607,0,0
214,81.88,0,36.44,0,0.551,0,0
215,60.98,0,37.02,0,0.805,0,0
216,64.36,0,36.9,0,0.627,0,0
217,64.13,0,36.96,0,0.818,0,0
218,90.21,0,36.16,0,0.528,0,0
219,67.31,0,37.15,0,0.574,0,0
220,93.63,0,36.46,0,0.4,0,0
221,65.05,0,36.46,0,0.456,0,0
222,66.92,0,36.76,0,0.774,0,0
223,90.12,0,36.09,0,0.48,0,0
224,86.99,0,36.7,0,0.271,0,0
225,62.51,0,37.06,0,0.419,0,0
226,77.67,0,36.31,0,0.836,0,0
227,77.01,0,36.64,0,0.63,0,0
228,63.65,0,36,1,0.225,0,0
229,62.14,0,36.73,0,0.46,0,0
230,78.61,0,36.65,0,0.398,0,0
231,61.62,0,36.6,0,0.035,0,0
232,60.87,0,36,1,0.494,0,0
233,67.24,0,36.5,0,0.994,0,0
234,78.36,0,36.26,0,0.051,0,0
235,90.81,0,36.64,0,0.607,0,0
236,95.39,0,36.79,0,0.604,0,0
237,82.36,0,36.67,0,0.458,0,0
238,67.63,0,36.14,0,0.729,0,0
239,85.56,0,36.74,0,0.684,0,0
240,84.46,0,37,0,0.55,0,0
241,78.66,0,36.77,0,0.837,0,0
242,86.10,0,37.04,0,0.492,0,0
243,63.09,0,36.61,0,0.544,0,0
244,74.02,0,37.17,0,0.182,0,0
245,67.87,0,36.09,0,0.14,0,0
246,69.62,0,36.12,0,0.313,0,0
247,63.13,0,37.02,0,0.28,0,0
248,90.34,0,36.92,0,0.998,0,0
249,90.48,0,36.08,0,0.886,0,0
250,87.87,0,36.55,0,0.056,0,0
251,92.81,0,36.12,0,0.77,0,0
252,98.17,0,36.39,0,0.864,0,0
253,88.85,0,36.77,0,0.91,0,0
254,89.67,0,36.55,0,0.482,0,0
255,91.09,0,36.4,0,0.298,0,0
256,67.84,0,36.45,0,0.858,0,0
257,75.90,0,36.22,0,0.202,0,0
258,81.22,0,36.52,0,0.297,0,0
259,71.19,0,36.12,0,0.076,0,0
260,70.80,0,36.41,0,0.13,0,0
261,72.25,0,37.03,0,0.979,0,0
262,99.63,0,37.18,0,0.918,0,0
263,76.33,0,37.04,0,0.676,0,0
264,64.02,0,36.81,0,0.209,0,0
265,62.98,0,36.37,0,0.645,0,0
266,77.21,0,36.03,0,0.234,0,0
267,82.32,0,36.91,0,0.163,0,0
268,70.14,0,36.29,0,0.534,0,0
269,92.11,0,36.7,0,0.078,0,0
270,72.96,0,36.05,0,0.322,0,0
271,73.48,0,36.98,0,0.892,0,0
272,99.94,0,37.12,0,0.576,0,0
273,93.53,0,36.51,0,0.934,0,0
274,91.07,0,36.25,0,0.528,0,0
275,80.93,0,37.2,1,0.865,0,0
276,74.68,0,36,1,0.404,0,0
277,70.03,0,36.98,0,0.425,0,0
278,99.49,0,36,1,0.281,0,0
279,96.75,0,36.76,0,0.096,0,0
280,91.44,0,36.88,0,0.164,0,0
281,95.06,0,36.3,0,0.092,0,0
282,86.66,0,36.26,0,0.561,0,0
283,95.62,0,37.16,0,0.489,0,0
284,78.26,0,36.89,0,0.237,0,0
285,89.88,0,37.09,0,0.037,0,0
286,62.67,0,36.27,0,0.936,0,0
287,97.42,0,36.45,0,0.177,0,0
288,61.40,0,37.11,0,0.539,0,0
289,94.28,0,36.36,0,0.085,0,0
290,69.68,0,36.22,0,0.489,0,0
291,84.44,0,37.15,0,0.952,0,0
292,83.69,0,37.1,0,0.349,0,0
293,72.88,0,36.57,0,0.338,0,0
294,70.73,0,36.75,0,0.86,0,0
295,99.06,0,36.18,0,0.153,0,0
296,99.39,0,36.38,0,0.184,0,0
297,91.96,0,36.72,0,0.542,0,0
298,95.55,0,36.2,0,0.079,0,0
299,76.88,0,37.16,0,0.788,0,0
300,90.80,0,37.1,0,0.775,0,0
301,65.95,0,36.03,0,0.577,0,0
302,94.59,0,36.89,0,0.109,0,0
303,79.30,0,36.01,0,0.047,0,0
304,66.86,0,36.17,0,0.378,0,0
305,74.62,0,36,1,0.886,0,0
306,71.78,0,37.08,0,0.578,0,0
307,88.00,0,37.07,0,0.205,0,0
308,95.16,0,36.63,0,0.469,0,0
309,71.54,0,36.27,0,0.343,0,0
310,71.01,0,36.01,0,0.613,0,0
311,98.91,0,36.82,0,0.825,0,0
312,87.41,0,36.82,0,0.827,0,0
313,67.37,0,36.18,0,0.886,0,0
314,67.15,0,36.93,0,0.539,0,0
315,90.85,0,36.13,0,0.413,0,0
316,77.89,0,36.49,0,0.711,0,0
317,96.24,0,37.14,0,0.57,0,0
318,67.91,0,36.58,0,0.42,0,0
319,95.78,0,36.81,0,0.183,0,0
320,75.77,0,36.12,0,0.259,0,0
321,66.82,0,37.07,0,0.394,0,0
322,78.35,0,36.34,0,0.331,0,0
323,88.82,0,37.14,0,0.496,0,0
324,86.63,0,37.02,0,0.809,0,0
325,83.20,0,36.85,0,0.656,0,0
326,67.68,0,36.78,0,0.351,0,0
327,92.71,0,36.55,0,0.798,0,0
328,76.38,0,37.1,0,0.305,0,0
329,66.08,0,36.64,0,0.555,0,0
330,98.88,0,36.85,0,0.115,0,0
331,93.16,0,36.26,0,0.907,0,0
332,96.41,0,36.2,0,0.4,0,0
333,86.31,0,36.41,0,0.704,0,0
334,81.22,0,37.17,0,0.596,0,0
335,96.18,0,36.21,0,0.927,0,0
336,73.20,0,37.03,0,0.65,0,0
337,60.50,0,36.48,0,0.6,0,0
338,85.91,0,36.33,0,0.199,0,0
339,63.39,0,36.45,0,0.124,0,0
340,92.87,0,36.09,0,0.31,0,0
341,98.18,0,36.9,0,0.365,0,0
342,75.39,0,36.23,0,0.014,0,0
343,74.71,0,37.15,0,0.746,0,0
344,94.65,0,36.44,0,0.934,0,0
345,69.15,0,36.31,0,0.843,0,0
346,64.37,0,36.65,0,0.935,0,0
347,66.43,0,36.31,0,0.59,0,0
348,88.63,0,36.39,0,0.489,0,0
349,79.30,0,37.07,0,0.281,0,0
350,82.06,0,36.2,0,0.724,0,0
351,79.76,0,37.17,0,0.064,0,0
352,70.21,0,36.81,0,0.508,0,0
353,71.37,0,36.92,0,0.385,0,0
354,69.70,0,37.13,0,0.909,0,0
355,96.91,0,37.12,0,0.384,0,0
356,87.59,0,37.19,0,0.691,0,0
357,68.54,0,36.69,0,0.852,0,0
358,95.81,0,36.81,0,0.121,0,0
359,93.57,0,36.22,0,0.879,0,0
360,97.60,0,36.16,0,0.578,0,0
361,66.05,0,36.15,0,0.044,0,0
362,83.55,0,36.45,0,0.909,0,0
363,78.67,0,36.97,0,0.629,0,0
364,73.56,0,36.28,0,0.212,0,0
365,91.83,0,36.97,0,0.649,0,0
366,93.28,0,37.12,0,0.811,0,0
367,88.07,0,37.04,0,0.702,0,0
368,83.52,0,36.6,0,0.718,0,0
369,91.44,0,36.09,0,0.487,0,0
370,63.75,0,36.51,0,0.406,0,0
371,99.71,0,36.94,0,0.889,0,0
372,86.95,0,37.04,0,0.729,0,0
373,99.98,0,36.68,0,0.391,0,0
374,96.92,0,36.02,0,0.041,0,0
375,75.60,0,37.11,0,0.077,0,0
376,87.62,0,37.08,0,0.588,0,0
377,98.79,0,37.16,0,0.063,0,0
378,84.53,0,36.43,0,0.892,0,0
379,74.67,0,37.07,0,0.022,0,0
380,91.07,0,36.38,0,0.194,0,0
381,89.42,0,36.78,0,0.614,0,0
382,81.77,0,37.14,0,0.572,0,0
383,69.45,0,36.88,0,0.722,0,0
384,72.00,0,36.62,0,0.875,0,0
385,94.81,0,36.31,0,0.914,0,0
386,92.53,0,36.88,0,0.337,0,0
387,80.59,0,36.09,0,0.663,0,0
388,75.24,0,36.82,0,0.459,0,0
389,90.91,0,36.98,0,0.182,0,0
390,94.85,0,36.86,0,0.999,0,0
391,79.89,0,36.78,0,0.797,0,0
392,82.72,0,36.73,0,0.66,0,0
393,80.99,0,36.14,0,0.271,0,0
394,84.69,0,36.69,0,0.189,0,0
395,74.16,0,36.98,0,0.796,0,0
396,60.50,0,36.81,0,0.8,0,0
397,88.76,0,36.93,0,0.768,0,0
398,74.28,0,36.47,0,0.751,0,0
399,64.08,0,36.11,0,0.593,0,0
400,69.98,0,36.63,0,0.274,0,0
401,69.86,0,36.45,0,0.464,0,0
402,93.46,0,36.42,0,0.627,0,0
403,75.06,0,36.06,0,0.506,0,0
404,94.06,0,36.84,0,0.415,0,0
405,70.49,0,36.6,0,0.281,0,0
406,77.10,0,36.44,0,0.882,0,0
407,61.24,0,36.32,0,0.002,0,0
408,60.88,0,36.74,0,0.785,0,0
409,80.02,0,36.84,0,0.781,0,0
410,67.41,0,36.32,0,0.648,0,0
411,77.46,0,36.46,0,0.743,0,0
412,90.26,0,36.23,0,0.391,0,0
413,98.77,0,36.06,0,0.987,0,0
414,64.11,0,37.04,0,0.532,0,0
415,84.57,0,36.98,0,0.863,0,0
416,72.42,0,36.79,0,0.196,0,0
417,92.46,0,36.7,0,0.479,0,0
418,95.47,0,36.85,0,0.647,0,0
419,84.18,0,36.85,0,0.082,0,0
420,80.09,0,36.93,0,0.911,0,0
421,75.35,0,36.5,0,0.826,0,0
422,89.57,0,36.92,0,0.38,0,0
423,63.15,0,36.48,0,0.532,0,0
424,87.54,0,36.34,0,0.663,0,0
425,89.31,0,36.45,0,0.093,0,0
426,84.96,0,36.99,0,0.881,0,0
427,92.04,0,36.38,0,0.248,0,0
428,70.05,0,36.59,0,0.021,0,0
429,65.92,0,37.11,0,0.604,0,0
430,63.10,0,36.66,0,0.021,0,0
431,69.06,0,36.36,0,0.67,0,0
432,73.01,0,36.82,0,0.422,0,0
433,74.84,0,37.16,0,0.034,0,0
434,95.09,0,36.88,0,0.493,0,0
435,61.84,0,37.11,0,0.927,0,0
436,80.19,0,36.66,0,0.603,0,0
437,65.28,0,36.69,0,0.984,0,0
438,60.89,0,36.06,0,0.906,0,0
439,61.57,0,36.51,0,0.747,0,0
440,85.89,0,36.79,0,0.877,0,0
441,89.41,0,36.92,0,0.019,0,0
442,86.61,0,36.96,0,0.441,0,0
443,70.46,0,36.5,0,0.691,0,0
444,95.36,0,36.81,0,0.446,0,0
445,91.88,0,37.07,0,0.834,0,0
446,99.42,0,36.13,0,0.546,0,0
447,76.02,0,36.23,0,0.276,0,0
448,73.98,0,36.71,0,0.826,0,0
449,65.29,0,36.21,0,0.07,0,0
450,76.78,0,36.91,0,0.079,0,0
451,87.40,0,36.77,0,0.771,0,0
452,71.14,0,36.62,0,0.119,0,0
453,81.05,0,36.28,0,0.37,0,0
454,98.54,0,36.44,0,0.416,0,0
455,77.65,0,36.46,0,0.947,0,0
456,92.20,0,36.4,0,0.495,0,0
457,93.75,0,36.38,0,0.326,0,0
458,79.81,0,37.17,0,0.914,0,0
459,85.84,0,36.54,0,0.374,0,0
460,86.07,0,36.76,0,0.213,0,0
461,78.67,0,36.8,0,0.441,0,0
462,87.29,0,36.82,0,0.209,0,0
463,73.34,0,37.2,1,0.29,0,0
464,80.15,0,36.37,0,0.896,0,0
465,67.73,0,36.06,0,0.575,0,0
466,69.16,0,37.09,0,0.027,0,0
467,96.26,0,36.23,0,0.457,0,0
468,68.79,0,36.57,0,0.074,0,0
469,86.30,0,36.99,0,0.36,0,0
470,77.27,0,36.77,0,0.611,0,0
471,70.50,0,36.06,0,0.283,0,0
472,98.71,0,36.14,0,0.724,0,0
473,67.37,0,37.09,0,0.912,0,0
474,97.77,0,36.81,0,0.245,0,0
475,80.47,0,36.76,0,0.837,0,0
476,74.38,0,36.51,0,0.822,0,0
477,78.11,0,36.65,0,0.334,0,0
478,91.12,0,36.15,0,0.932,0,0
479,68.82,0,36.21,0,0.435,0,0
480,87.50,0,36.01,0,0.842,0,0
481,99.57,0,36.71,0,0.767,0,0
482,62.17,0,36.68,0,0.437,0,0
483,75.84,0,36.52,0,0.999,0,0
484,76.26,0,36.87,0,0.291,0,0
485,92.68,0,36.91,0,0.127,0,0
486,64.21,0,36.58,0,0.913,0,0
487,67.34,0,36.38,0,0.91,0,0
488,69.61,0,36.27,0,0.089,0,0
489,74.02,0,36.16,0,0.11,0,0
490,81.71,0,36.54,0,0.81,0,0
491,66.18,0,36.7,0,0.616,0,0
492,95.48,0,37.07,0,0.34,0,0
493,74.47,0,37.16,0,0.148,0,0
494,87.21,0,37.07,0,0.521,0,0
495,93.73,0,36.15,0,0.483,0,0
496,66.63,0,37.02,0,0.364,0,0
497,70.04,0,36,1,0.723,0,0
498,65.95,0,36.61,0,0.218,0,0
499,92.40,0,36.75,0,0.445,0,0
500,69.96,0,38.7,1,1.954,1,1
501,97.65,0,39.43,1,1.371,1,1
502,64.54,0,38.63,1,1.575,1,1
503,62.09,0,41.33,1,1.027,1,1
504,64.70,0,40.18,1,1.666,1,1
505,64.40,0,38.14,1,1.271,1,1
506,71.91,0,38.3,1,1.487,1,1
507,79.26,0,41.03,1,1.17,1,1
508,87.06,0,39.02,1,1.051,1,1
509,88.43,0,40.45,1,1.964,1,1
510,66.22,0,41.45,1,1.734,1,1
511,69.18,0,37.61,1,1.792,1,1
512,71.51,0,38.98,1,1.391,1,1
513,63.14,0,40.12,1,1.222,1,1
514,83.33,0,41.32,1,1.626,1,1
515,72.54,0,38.03,1,1.267,1,1
516,98.47,0,38.26,1,1.663,1,1
517,66.95,0,37.94,1,1.195,1,1
518,73.50,0,37.54,1,1.031,1,1
519,70.16,0,39.05,1,1.169,1,1
520,63.81,0,40.76,1,1.029,1,1
521,99.81,0,40.75,1,1.485,1,1
522,82.82,0,39.87,1,1.446,1,1
523,62.95,0,40.41,1,1.281,1,1
524,94.25,0,39.51,1,1.132,1,1
525,83.73,0,39.21,1,1.522,1,1
526,80.73,0,39.88,1,1.38,1,1
527,97.37,0,37.48,1,1.661,1,1
528,76.18,0,37.83,1,1.509,1,1
529,89.10,0,38.95,1,1.85,1,1
530,89.57,0,40.64,1,1.521,1,1
531,95.18,0,41.13,1,1.863,1,1
532,61.26,0,40.71,1,1.561,1,1
533,63.10,0,39.76,1,1.362,1,1
534,75.62,0,39.78,1,1.511,1,1
535,69.84,0,38.77,1,1.558,1,1
536,63.33,0,38.4,1,1.184,1,1
537,98.99,0,40.46,1,1.905,1,1
538,66.72,0,41.18,1,1.167,1,1
539,81.53,0,39.81,1,1.102,1,1
540,99.41,0,38.52,1,1.509,1,1
541,72.06,0,38.28,1,1.448,1,1
542,76.41,0,39.85,1,1.841,1,1
543,93.41,0,40.07,1,1.85,1,1
544,73.72,0,38.82,1,1.546,1,1
545,77.73,0,38.92,1,1.988,1,1
546,96.26,0,39.49,1,1.366,1,1
547,89.04,0,39.84,1,1.826,1,1
548,87.83,0,41.44,1,1.912,1,1
549,94.61,0,41,1,1.057,1,1
550,79.00,0,39.64,1,1.396,1,1
551,70.09,0,37.96,1,1.9,1,1
552,63.39,0,41.21,1,1.657,1,1
553,77.06,0,40.07,1,1.682,1,1
554,69.52,0,38.73,1,1.807,1,1
555,60.05,0,39.67,1,1.342,1,1
556,67.51,0,41.45,1,1.48,1,1
557,82.17,0,40.17,1,1.913,1,1
558,89.30,0,38.27,1,1.415,1,1
559,74.06,0,39.3,1,1.901,1,1
560,86.30,0,37.83,1,1.243,1,1
561,64.61,0,40.07,1,1.071,1,1
562,78.51,0,38.28,1,1.952,1,1
563,88.01,0,37.76,1,1.027,1,1
564,70.14,0,40.44,1,1.649,1,1
565,73.53,0,38.13,1,1.001,1,1
566,85.74,0,40.15,1,1.661,1,1
567,68.05,0,39.27,1,1.232,1,1
568,92.01,0,38,1,1.345,1,1
569,89.42,0,39.27,1,1.426,1,1
570,93.94,0,39.57,1,1.472,1,1
571,93.05,0,38.99,1,1.205,1,1
572,97.37,0,38.26,1,1.594,1,1
573,76.19,0,40.79,1,1.154,1,1
574,74.27,0,40.13,1,1.287,1,1
575,75.04,0,41.41,1,1.713,1,1
576,77.97,0,38.44,1,1.624,1,1
577,72.67,0,38.4,1,1.428,1,1
578,65.91,0,41.36,1,1.697,1,1
579,84.35,0,38.74,1,1.68,1,1
580,80.85,0,39.99,1,1.879,1,1
581,75.37,0,39.09,1,1.521,1,1
582,85.38,0,41.34,1,1.592,1,1
583,92.47,0,40.15,1,1.399,1,1
584,67.18,0,37.66,1,1.97,1,1
585,64.81,0,38.8,1,1.538,1,1
586,81.15,0,41.42,1,1.348,1,1
587,63.65,0,39.25,1,1.635,1,1
588,62.75,0,39.75,1,1.323,1,1
589,95.16,0,39.3,1,1.86,1,1
590,97.13,0,40.8,1,1.85,1,1
591,81.15,0,40.67,1,1.335,1,1
592,95.83,0,39.65,1,1.746,1,1
593,90.98,0,40.81,1,1.018,1,1
594,80.97,0,39.07,1,1.731,1,1
595,68.56,0,41.59,1,1.134,1,1
596,68.77,0,40.77,1,1.461,1,1
597,64.92,0,38.84,1,1.097,1,1
598,88.55,0,38.08,1,1.529,1,1
599,91.82,0,38.63,1,1.092,1,1
600,67.66,0,39.09,1,1.116,1,1
601,74.58,0,37.97,1,1.395,1,1
602,80.59,0,39.88,1,1.877,1,1
603,81.34,0,40.87,1,1.21,1,1
604,72.67,0,38.72,1,1.051,1,1
605,88.06,0,38.64,1,1.555,1,1
606,77.71,0,41.31,1,1.333,1,1
607,89.62,0,37.91,1,1.835,1,1
608,99.48,0,38.77,1,1.143,1,1
609,98.83,0,38.88,1,1.113,1,1
610,86.11,0,40.74,1,1.602,1,1
611,81.64,0,37.89,1,1.378,1,1
612,79.86,0,39.26,1,1.373,1,1
613,77.09,0,37.81,1,1.573,1,1
614,68.55,0,40.87,1,1.032,1,1
615,72.72,0,40.56,1,1.554,1,1
616,71.04,0,41.46,1,1.781,1,1
617,61.14,0,40.97,1,1.852,1,1
618,68.94,0,37.39,1,1.218,1,1
619,81.59,0,40.04,1,1.853,1,1
620,65.82,0,38.71,1,1.389,1,1
621,83.60,0,39.48,1,1.221,1,1
622,73.85,0,39.91,1,1.106,1,1
623,91.38,0,39.99,1,1.561,1,1
624,68.71,0,38.22,1,1.346,1,1
625,84.92,0,39.87,1,1.258,1,1
626,78.28,0,39.07,1,1.604,1,1
627,72.10,0,38.57,1,1.243,1,1
628,63.63,0,38.91,1,1.456,1,1
629,93.34,0,37.69,1,1.483,1,1
630,64.51,0,40.29,1,1.518,1,1
631,90.44,0,40.84,1,1.545,1,1
632,77.54,0,40.56,1,1.479,1,1
633,80.86,0,39.26,1,1.051,1,1
634,80.41,0,39.66,1,1.397,1,1
635,92.73,0,37.74,1,1.644,1,1
636,84.14,0,39.6,1,1.853,1,1
637,82.88,0,38.01,1,1.627,1,1
638,95.07,0,39.06,1,1.229,1,1
639,95.27,0,37.71,1,1.954,1,1
640,89.72,0,40.67,1,1.999,1,1
641,69.19,0,41.32,1,1.275,1,1
642,81.90,0,41.32,1,1.036,1,1
643,90.71,0,39.85,1,1.887,1,1
644,71.85,0,41.3,1,1.908,1,1
645,79.32,0,37.75,1,1.605,1,1
646,81.94,0,40.49,1,1.401,1,1
647,82.97,0,40.62,1,1.563,1,1
648,91.34,0,39.41,1,1.565,1,1
649,93.07,0,39.34,1,1.643,1,1
650,70.33,0,39.01,1,1.152,1,1
651,92.22,0,39.09,1,1.047,1,1
652,72.92,0,40.19,1,1.908,1,1
653,84.26,0,40.2,1,1.806,1,1
654,74.75,0,41.39,1,1.042,1,1
655,93.28,0,37.49,1,1.907,1,1
656,80.53,0,37.3,1,1.205,1,1
657,77.48,0,38.12,1,1.633,1,1
658,65.36,0,40.69,1,1.194,1,1
659,96.35,0,38.23,1,1.752,1,1
660,98.78,0,41.07,1,1.054,1,1
661,80.44,0,41.36,1,1.334,1,1
662,60.89,0,40.63,1,1.07,1,1
663,63.56,0,41.55,1,1.913,1,1
664,68.48,0,40.46,1,1.36,1,1
665,96.56,0,40.79,1,1.588,1,1
666,98.47,0,38.04,1,1.827,1,1
667,78.97,0,39.46,1,1.279,1,1
668,74.23,0,37.44,1,1.462,1,1
669,73.50,0,40.38,1,1.528,1,1
670,77.93,0,37.8,1,1.96,1,1
671,60.51,0,39.64,1,1.734,1,1
672,86.97,0,38.09,1,1.251,1,1
673,84.68,0,40.17,1,1.934,1,1
674,94.05,0,40.89,1,1.629,1,1
675,90.80,0,38.24,1,1.154,1,1
676,91.43,0,41.19,1,1.559,1,1
677,82.59,0,37.41,1,1.163,1,1
678,82.49,0,39.22,1,1.451,1,1
679,69.22,0,39.47,1,1.03,1,1
680,71.51,0,37.43,1,1.079,1,1
681,94.03,0,40.04,1,1.928,1,1
682,84.66,0,39.09,1,1.312,1,1
683,85.74,0,39.24,1,1.146,1,1
684,63.94,0,37.51,1,1.13,1,1
685,94.62,0,41.42,1,1.188,1,1
686,69.92,0,41.19,1,1.023,1,1
687,92.72,0,39.71,1,1.592,1,1
688,88.29,0,41.52,1,1.121,1,1
689,95.28,0,39.28,1,1.934,1,1
690,72.16,0,38.76,1,1.497,1,1
691,82.83,0,40.36,1,1.778,1,1
692,87.00,0,37.64,1,1.064,1,1
693,68.88,0,40.11,1,1.625,1,1
694,91.79,0,39.2,1,1.672,1,1
695,62.46,0,37.46,1,1.763,1,1
696,90.72,0,41.3,1,1.891,1,1
697,90.81,0,38.04,1,1.557,1,1
698,78.82,0,39.48,1,1.343,1,1
699,88.80,0,39,1,1.029,1,1
700,89.41,0,41.6,1,1.586,1,1
701,101.23,1,40.25,1,1.33,1,1
702,165.70,1,38.83,1,1.164,1,1
703,172.57,1,41.32,1,1.648,1,1
704,155.35,1,37.41,1,1.225,1,1
705,171.18,1,39.96,1,1.019,1,1
706,143.73,1,40.86,1,1.572,1,1
707,140.07,1,37.62,1,1.003,1,1
708,162.32,1,40.49,1,1.137,1,1
709,173.89,1,39.89,1,1.058,1,1
710,175.12,1,40.99,1,1.279,1,1
711,123.52,1,39.52,1,1.767,1,1
712,179.22,1,40.11,1,1.302,1,1
713,126.13,1,40.59,1,1.07,1,1
714,164.07,1,39.29,1,1.851,1,1
715,148.95,1,41.43,1,1.384,1,1
716,112.67,1,37.6,1,1.515,1,1
717,148.90,1,38.07,1,1.094,1,1
718,170.22,1,41.12,1,1.608,1,1
719,153.65,1,40.75,1,1.737,1,1
720,147.86,1,41.45,1,1.178,1,1
721,149.40,1,37.98,1,1.145,1,1
722,153.29,1,39,1,1.12,1,1
723,136.13,1,41.13,1,1.206,1,1
724,169.05,1,41.41,1,1.925,1,1
725,144.73,1,39.94,1,1.185,1,1
726,101.71,1,37.52,1,1.231,1,1
727,138.60,1,40.56,1,1.395,1,1
728,102.38,1,40.5,1,1.62,1,1
729,125.15,1,39.79,1,1.538,1,1
730,146.14,1,37.47,1,1.141,1,1
731,124.85,1,39.23,1,1.714,1,1
732,148.82,1,40.88,1,1.979,1,1
733,164.77,1,37.86,1,1.698,1,1
734,121.43,1,40.59,1,1.483,1,1
735,124.89,1,37.63,1,1.214,1,1
736,168.25,1,38.88,1,1.895,1,1
737,159.02,1,39.77,1,1.439,1,1
738,178.31,1,40.76,1,1.135,1,1
739,164.29,1,37.9,1,1.907,1,1
740,137.19,1,37.99,1,1.084,1,1
741,107.67,1,38.15,1,1.4,1,1
742,117.02,1,39.34,1,1.991,1,1
743,103.60,1,38.32,1,1.434,1,1
744,149.48,1,37.44,1,1.238,1,1
745,104.89,1,37.6,1,1.185,1,1
746,120.17,1,37.94,1,1.219,1,1
747,163.68,1,41.35,1,1.966,1,1
748,115.12,1,38.65,1,1.981,1,1
749,132.88,1,38.45,1,1.21,1,1
750,108.65,1,39.32,1,1.865,1,1
751,136.50,1,38.96,1,1.158,1,1
752,126.89,1,40.79,1,1.508,1,1
753,132.77,1,38.58,1,1.848,1,1
754,119.20,1,41.04,1,1.191,1,1
755,104.95,1,39.83,1,1.616,1,1
756,153.58,1,39.38,1,1.088,1,1
757,118.15,1,40.12,1,1.966,1,1
758,144.90,1,40.75,1,1.23,1,1
759,143.29,1,38.66,1,1.367,1,1
760,177.28,1,39.78,1,1.075,1,1
761,124.60,1,38.99,1,1.812,1,1
762,121.13,1,38.59,1,1.591,1,1
763,137.99,1,41.43,1,1.589,1,1
764,152.76,1,37.61,1,1.659,1,1
765,175.40,1,40.6,1,1.785,1,1
766,174.04,1,41.53,1,1.183,1,1
767,173.26,1,37.94,1,1.187,1,1
768,140.14,1,39.63,1,1.415,1,1
769,124.26,1,40.14,1,1.045,1,1
770,141.25,1,38.21,1,1.197,1,1
771,140.71,1,39.22,1,1.719,1,1
772,164.02,1,41.55,1,1.8,1,1
773,139.41,1,39.59,1,1.872,1,1
774,117.43,1,40.41,1,1.295,1,1
775,120.99,1,39.37,1,1.245,1,1
776,126.06,1,38.41,1,1.031,1,1
777,168.93,1,38.33,1,1.163,1,1
778,161.91,1,41.18,1,1.515,1,1
779,128.55,1,40.56,1,1.881,1,1
780,149.52,1,38.33,1,1.433,1,1
781,115.44,1,38.31,1,1.173,1,1
782,144.33,1,37.36,1,1.882,1,1
783,116.73,1,39.65,1,1.843,1,1
784,157.76,1,39.06,1,1.204,1,1
785,120.63,1,38.22,1,1.173,1,1
786,162.52,1,40.18,1,1.721,1,1
787,161.27,1,40.35,1,1.693,1,1
788,175.85,1,37.57,1,1.583,1,1
789,120.55,1,40.36,1,1.826,1,1
790,110.19,1,40.8,1,1.065,1,1
791,136.47,1,38.14,1,1.432,1,1
792,119.22,1,40.62,1,1.645,1,1
793,148.42,1,37.62,1,1.491,1,1
794,104.80,1,38.59,1,1.756,1,1
795,119.07,1,40.07,1,1.346,1,1
796,113.91,1,38.65,1,1.53,1,1
797,117.14,1,39.27,1,1.232,1,1
798,164.88,1,39.13,1,1.318,1,1
799,154.95,1,38.63,1,1.309,1,1
800,145.19,1,28.88,1,1.423,1,1
801,148.31,1,28.88,1,1.319,1,1
802,159.89,1,30.35,1,1.592,1,1
803,159.16,1,30.81,1,1.914,1,1
804,151.18,1,31.59,1,1.089,1,1
805,155.89,1,34.76,1,1.055,1,1
806,148.91,1,28.6,1,1.963,1,1
807,131.74,1,32.34,1,1.719,1,1
808,172.38,1,32.38,1,1.575,1,1
809,100.69,1,35.8,1,1.294,1,1
810,119.49,1,34.64,1,1.168,1,1
811,133.91,1,31.1,1,1.833,1,1
812,126.47,1,30.06,1,1.613,1,1
813,123.87,1,31.58,1,1.461,1,1
814,123.92,1,34.76,1,1.916,1,1
815,116.58,1,32.41,1,1.245,1,1
816,105.05,1,31.29,1,1.792,1,1
817,121.33,1,33.34,1,1.619,1,1
818,133.56,1,28.04,1,1.24,1,1
819,128.04,1,30.44,1,1.422,1,1
820,166.31,1,29.54,1,1.374,1,1
821,175.40,1,34.65,1,1.246,1,1
822,151.23,1,35.57,1,1.957,1,1
823,150.65,1,33.12,1,1.18,1,1
824,171.97,1,29.66,1,1.24,1,1
825,164.23,1,35.21,1,1.019,1,1
826,169.80,1,29.38,1,1.522,1,1
827,161.93,1,33.6,1,1,1,1
828,118.95,1,28.09,1,1.084,1,1
829,163.24,1,34.29,1,1.231,1,1
830,175.32,1,28.59,1,1.616,1,1
831,131.12,1,29.12,1,1.752,1,1
832,147.35,1,29.25,1,1.858,1,1
833,130.54,1,31.73,1,1.287,1,1
834,160.37,1,31.85,1,1.955,1,1
835,167.43,1,30.55,1,1.806,1,1
836,139.37,1,28.29,1,1.047,1,1
837,161.81,1,30.5,1,1.098,1,1
838,130.17,1,32.72,1,1.247,1,1
839,148.52,1,31.76,1,1.63,1,1
840,115.15,1,30.94,1,1.72,1,1
841,118.59,1,35.1,1,1.654,1,1
842,145.74,1,32.91,1,1.265,1,1
843,145.45,1,35.72,1,1.242,1,1
844,112.18,1,34.57,1,1.45,1,1
845,162.97,1,28.12,1,1.952,1,1
846,105.93,1,34.39,1,1.552,1,1
847,101.51,1,31.13,1,1.609,1,1
848,122.37,1,35.6,1,1.825,1,1
849,152.97,1,31.87,1,1.097,1,1
850,115.93,1,29.66,1,1.609,1,1
851,112.40,1,28.29,1,1.17,1,1
852,150.96,1,31.34,1,1.97,1,1
853,105.93,1,30.75,1,1.514,1,1
854,128.71,1,32.27,1,1.994,1,1
855,139.00,1,28.64,1,1.036,1,1
856,109.26,1,35.09,1,1.727,1,1
857,145.07,1,29.84,1,1.763,1,1
858,159.26,1,33.17,1,1.329,1,1
859,120.16,1,32.93,1,1.419,1,1
860,125.13,1,31.94,1,1.159,1,1
861,152.06,1,28.99,1,1.56,1,1
862,144.40,1,35.52,1,1.006,1,1
863,174.70,1,29.08,1,1.465,1,1
864,141.23,1,28.88,1,1.155,1,1
865,132.97,1,29.73,1,1.542,1,1
866,127.29,1,34.46,1,1.634,1,1
867,151.46,1,34.51,1,1.286,1,1
868,172.78,1,31.07,1,1.359,1,1
869,146.67,1,33.99,1,1.969,1,1
870,113.73,1,29.73,1,1.064,1,1
871,123.08,1,28.95,1,1.314,1,1
872,106.31,1,33.17,1,1.861,1,1
873,146.69,1,35.49,1,1.879,1,1
874,178.19,1,30.08,1,1.172,1,1
875,106.34,1,28.67,1,1.381,1,1
876,157.66,1,34.96,1,1.554,1,1
877,127.96,1,31.13,1,1.523,1,1
878,142.67,1,29.05,1,1.053,1,1
879,140.31,1,30.69,1,1.012,1,1
880,168.62,1,33.61,1,1.176,1,1
881,120.33,1,35.07,1,1.13,1,1
882,131.25,1,33.14,1,1.025,1,1
883,138.62,1,31.57,1,1.747,1,1
884,139.96,1,33.41,1,1.768,1,1
885,117.89,1,28.85,1,1.93,1,1
886,146.11,1,33.95,1,1.735,1,1
887,152.22,1,31.3,1,1.174,1,1
888,132.43,1,32.62,1,1.582,1,1
889,178.96,1,33.17,1,1.3,1,1
890,101.51,1,28.78,1,1.866,1,1
891,142.69,1,34.38,1,1.949,1,1
892,170.03,1,35.31,1,1.08,1,1
893,162.24,1,34.06,1,1.838,1,1
894,154.72,1,30.58,1,1.748,1,1
895,130.79,1,30.11,1,1.068,1,1
896,126.67,1,34.27,1,1.961,1,1
897,107.19,1,29.16,1,1.624,1,1
898,133.29,1,32.84,1,1.892,1,1
899,151.34,1,30.35,1,1.169,1,1
900,168.32,1,30,1,1.392,1,1
901,149.56,1,31.25,1,1.278,1,1
902,103.10,1,33.46,1,1.283,1,1
903,125.83,1,32.84,1,1.552,1,1
904,156.88,1,32.8,1,1.957,1,1
905,140.09,1,35.74,1,1.92,1,1
906,101.04,1,31.45,1,1.872,1,1
907,165.37,1,32.39,1,1.086,1,1
908,115.91,1,30.16,1,1.193,1,1
909,128.21,1,30.98,1,1.872,1,1
910,179.35,1,28.97,1,1.845,1,1
911,151.70,1,31.27,1,1.445,1,1
912,125.32,1,35.8,1,1.478,1,1
913,172.63,1,29.34,1,1.751,1,1
914,122.07,1,31.46,1,1.341,1,1
915,137.60,1,29.12,1,1.366,1,1
916,175.63,1,33.12,1,1.971,1,1
917,113.21,1,32.28,1,1.759,1,1
918,169.09,1,31.86,1,1.779,1,1
919,112.89,1,30.75,1,1.696,1,1
920,126.43,1,28.5,1,1.151,1,1
921,165.52,1,28.32,1,1.649,1,1
922,103.07,1,32.8,1,1.69,1,1
923,141.49,1,34.78,1,1.075,1,1
924,137.72,1,31.13,1,1.656,1,1
925,118.81,1,29.96,1,1.119,1,1
926,156.96,1,34.36,1,1.617,1,1
927,140.53,1,33.81,1,1.843,1,1
928,170.42,1,28.73,1,1.202,1,1
929,100.24,1,31.69,1,1.111,1,1
930,130.00,1,31.86,1,1.335,1,1
931,148.22,1,35.73,1,1.141,1,1
932,115.14,1,35.26,1,1.309,1,1
933,156.24,1,30.42,1,1.401,1,1
934,157.82,1,28.66,1,1.998,1,1
935,139.99,1,29.62,1,1.091,1,1
936,117.90,1,29.16,1,1.91,1,1
937,174.55,1,29.32,1,1.657,1,1
938,130.37,1,32.9,1,1.521,1,1
939,109.11,1,33.7,1,1.492,1,1
940,143.44,1,32.03,1,1.9,1,1
941,162.00,1,32.28,1,1.172,1,1
942,155.29,1,31.31,1,1.789,1,1
943,167.48,1,29.36,1,1.377,1,1
944,146.20,1,31.22,1,1.175,1,1
945,164.06,1,33.68,1,1.524,1,1
946,161.28,1,34.98,1,1.832,1,1
947,130.19,1,29.74,1,1.458,1,1
948,178.15,1,34.46,1,1.104,1,1
949,130.47,1,34.69,1,1.075,1,1
950,121.63,1,33.42,1,1.571,1,1
951,169.10,1,34.27,1,1.356,1,1
952,179.94,1,33.09,1,1.851,1,1
953,105.32,1,32.9,1,1.344,1,1
954,114.44,1,34.4,1,1.024,1,1
955,160.29,1,29.11,1,1.68,1,1
956,101.86,1,35.27,1,1.432,1,1
957,165.48,1,35.68,1,1.667,1,1
958,163.52,1,35.53,1,1.939,1,1
959,168.21,1,30.78,1,1.88,1,1
960,132.75,1,34.6,1,1.711,1,1
961,134.82,1,33.58,1,1.715,1,1
962,134.02,1,31.62,1,1.907,1,1
963,152.80,1,35.45,1,1.668,1,1
964,138.45,1,33.17,1,1.571,1,1
965,142.97,1,30.91,1,1.988,1,1
966,104.72,1,32.75,1,1.354,1,1
967,166.20,1,28.41,1,1.604,1,1
968,151.58,1,33.29,1,1.085,1,1
969,161.95,1,31.46,1,1.142,1,1
970,130.91,1,28.51,1,1.39,1,1
971,149.73,1,29.62,1,1.754,1,1
972,104.38,1,28.54,1,1.549,1,1
973,152.47,1,29.65,1,1.498,1,1
974,112.14,1,33.3,1,1.475,1,1
975,165.70,1,30.64,1,1.291,1,1
976,162.42,1,28.51,1,1.894,1,1
977,118.01,1,34.54,1,1.746,1,1
978,114.18,1,30.77,1,1.081,1,1
979,125.20,1,33.05,1,1.099,1,1
980,161.27,1,30.11,1,1.659,1,1
981,171.13,1,31.24,1,1.834,1,1
982,125.96,1,31.42,1,1.899,1,1
983,126.04,1,28.82,1,1.248,1,1
984,135.48,1,32.25,1,1.77,1,1
985,113.32,1,29.01,1,1.003,1,1
986,175.97,1,28.01,1,1.493,1,1
987,112.21,1,30.38,1,1.277,1,1
988,126.69,1,33.43,1,1.298,1,1
989,174.83,1,33.99,1,1.906,1,1
990,143.18,1,28.95,1,1.446,1,1
991,137.91,1,33.51,1,1.143,1,1
992,133.63,1,32.27,1,1.711,1,1
993,101.36,1,34.34,1,1.018,1,1
994,111.19,1,32.06,1,1.135,1,1
995,123.83,1,35.68,1,1.363,1,1
996,178.10,1,30.25,1,1.578,1,1
997,162.41,1,30.52,1,1.303,1,1
998,172.68,1,29.11,1,1.035,1,1
999,152.84,1,33.57,1,1.958,1,1
1000,137.97,1,28.07,1,1.803,1,1